medicine_name,authorisation_no,pharmaceutical_form_lv,active_substance,Aizliegts ārpus sacensībām,Aizliegts sacensību laikā,Aizliegto vielu un metožu saraksta klase,Piezīmes par lietošanu,"Sporta veidi, kuros aizliegts sacensību laikā","Sporta veidi, kuros aizliegts ārpus sacensībām",Notes,Prohibited In-Competition in the following sports,Prohibited Out-of-Competition in the following sports
Extraneal šķīdums peritoneālai dialīzei,01-0401,Šķīdums peritoneālai dialīzei,"Icodextrinum, Natrii chloridum, Natrii (S)- lactatis solutio, Calcii chloridum, Magnesii chloridum",Jā,Jā,M1,,,,,,
"Physioneal 40 Glucose 1,36% w/v/13,6 mg/ml šķīdums peritoneālai dialīzei",02-0082,Šķīdums peritoneālai dialīzei,"Glucosum monohydricum, Calcii chloridum, Magnesii chloridum, Natrii chloridum, Natrii lactas, Natrii hydrogenocarbonas",Jā,Jā,M1,,,,,,
"Physioneal 40 Glucose 2,27% w/v/22,7 mg/ml šķīdums peritoneālai dialīzei",02-0083,Šķīdums peritoneālai dialīzei,"Glucosum monohydricum, Calcii chloridum, Magnesii chloridum, Natrii chloridum, Natrii lactas, Natrii hydrogenocarbonas",Jā,Jā,M1,,,,,,
"Physioneal 40 Glucose 3,86% w/v/38,6 mg/ml šķīdums peritoneālai dialīzei",02-0084,Šķīdums peritoneālai dialīzei,"Glucosum monohydricum, Calcii chloridum, Magnesii chloridum, Natrii lactas, Natrii chloridum, Natrii hydrogenocarbonas",Jā,Jā,M1,,,,,,
Duosol bez kālija šķīdums hemofiltrācijai,05-0139,Šķīdums hemofiltrācijai,"Natrii chloridum, Natrii hydrogenocarbonas, Calcii chloridum dihydricum, Magnesii chloridum hexahydricum, Glucosum monohydricum",Jā,Jā,M1,,,,,,
Duosol ar 2 mmol/l kālija šķīdums hemofiltrācijai,05-0140,Šķīdums hemofiltrācijai,"Glucosum monohydricum, Natrii chloridum, Kalii chloridum, Calcii chloridum dihydricum, Magnesii chloridum hexahydricum, Natrii hydrogenocarbonas",Jā,Jā,M1,,,,,,
MultiBic ar kāliju 2 mmol/l šķīdums hemodialīzei/hemofiltrācijai,05-0385,Šķīdums hemodialīzei/hemofiltrācijai,"Natrii chloridum, Kalii chloridum, Natrii hydrogenocarbonas, Calcii chloridum dihydricum, Magnesii chloridum hexahydricum, Glucosum monohydricum",Jā,Jā,M1,,,,,,
MultiBic ar kāliju 3 mmol/l šķīdums hemodialīzei/hemofiltrācijai,05-0386,Šķīdums hemodialīzei/hemofiltrācijai,"Natrii chloridum, Kalii chloridum, Natrii hydrogenocarbonas, Calcii chloridum dihydricum, Magnesii chloridum hexahydricum, Glucosum monohydricum",Jā,Jā,M1,,,,,,
MultiBic ar kāliju 4 mmol/l šķīdums hemodialīzei/hemofiltrācijai,05-0387,Šķīdums hemodialīzei/hemofiltrācijai,"Natrii chloridum, Kalii chloridum, Natrii hydrogenocarbonas, Calcii chloridum dihydricum, Magnesii chloridum hexahydricum, Glucosum monohydricum",Jā,Jā,M1,,,,,,
MultiBic bez kālija šķīdums hemodialīzei/hemofiltrācijai,05-0388,Šķīdums hemodialīzei/hemofiltrācijai,"Natrii chloridum, Natrii hydrogenocarbonas, Calcii chloridum dihydricum, Magnesii chloridum hexahydricum, Glucosum monohydricum",Jā,Jā,M1,,,,,,
Duosol ar 4 mmol/l kālija šķīdums hemofiltrācijai,05-0486,Šķīdums hemofiltrācijai,"Glucosum monohydricum, Natrii chloridum, Kalii chloridum, Calcii chloridum dihydricum, Magnesii chloridum hexahydricum, Natrii hydrogenocarbonas",Jā,Jā,M1,,,,,,
"Balance 1,5% glikoze, 1,25 mmol/l kalcijs, šķīdums peritoneālai dialīzei",06-0070,Šķīdums peritoneālai dialīzei,"Calcii chloridum dihydricum, Glucosum monohydricum, Magnesii chloridum hexahydricum, Natrii chloridum, Natrii lactatis solutio",Jā,Jā,M1,,,,,,
"Balance 2,3% glikoze, 1,25 mmol/l kalcijs, šķīdums peritoneālai dialīzei",06-0071,Šķīdums peritoneālai dialīzei,"Calcii chloridum dihydricum, Glucosum monohydricum, Magnesii chloridum hexahydricum, Natrii chloridum, Natrii lactatis solutio",Jā,Jā,M1,,,,,,
"Balance 4,25% glikoze, 1,25 mmol/l kalcijs, šķīdums peritoneālai dialīzei",06-0072,Šķīdums peritoneālai dialīzei,"Calcii chloridum dihydricum, Glucosum monohydricum, Magnesii chloridum hexahydricum, Natrii chloridum, Natrii lactatis solutio",Jā,Jā,M1,,,,,,
"Balance 1,5% glikoze, 1,75 mmol/l kalcijs, šķīdums peritoneālai dialīzei",06-0073,Šķīdums peritoneālai dialīzei,"Calcii chloridum dihydricum, Glucosum monohydricum, Magnesii chloridum hexahydricum, Natrii chloridum, Natrii lactatis solutio",Jā,Jā,M1,,,,,,
"Balance 2,3% glikoze, 1,75 mmol/l kalcijs, šķīdums peritoneālai dialīzei",06-0074,Šķīdums peritoneālai dialīzei,"Calcii chloridum dihydricum, Glucosum monohydricum, Magnesii chloridum hexahydricum, Natrii chloridum, Natrii lactatis solutio",Jā,Jā,M1,,,,,,
"Balance 4,25% glikoze, 1,75 mmol/l kalcijs, šķīdums peritoneālai dialīzei",06-0075,Šķīdums peritoneālai dialīzei,"Calcii chloridum dihydricum, Glucosum monohydricum, Magnesii chloridum hexahydricum, Natrii chloridum, Natrii lactatis solutio",Jā,Jā,M1,,,,,,
Normosang 25 mg/ml koncentrāts infūziju šķīduma pagatavošanai,06-0218,Koncentrāts infūziju šķīduma pagatavošanai,Haeminum humanum,Jā,Jā,M1,,,,,,
Prismasol 2 mmol/l Kālija šķīdums hemodialīzei/hemofiltrācijai,09-0310,Šķīdums hemodialīzei/hemofiltrācijai,"Calcii chloridum dihydricum, Magnesii chloridum hexahydricum, Glucosum anhydricum, Acidum lacticum, Natrii chloridum, Natrii hydrogenocarbonas, Kalii chloridum",Jā,Jā,M1,,,,,,
Prismasol 4 mmol/l Kālija šķīdums hemodialīzei/hemofiltrācijai,09-0311,Šķīdums hemodialīzei/hemofiltrācijai,"Calcii chloridum dihydricum, Magnesii chloridum hexahydricum, Glucosum anhydricum, Acidum lacticum, Natrii chloridum, Natrii hydrogenocarbonas, Kalii chloridum",Jā,Jā,M1,,,,,,
"Phoxilium 1,2 mmol/l fosfātu šķīdums hemodialīzei/hemofiltrācijai",09-0359,Šķīdums hemodialīzei/hemofiltrācijai,"Calcii chloridum dihydricum, Magnesii chloridum hexahydricum, Natrii chloridum, Natrii hydrogenocarbonas, Kalii chloridum, Dinatrii phosphas dihydricus",Jā,Jā,M1,,,,,,
Hemosol B0 šķīdums hemodialīzei/hemofiltrācijai,10-0446,Šķīdums hemodialīzei/hemofiltrācijai,"Natrii hydrogenocarbonas, Natrii chloridum, Calcii chloridum dihydricum, Magnesii chloridum hexahydricum, Acidum lacticum",Jā,Jā,M1,,,,,,
"Physioneal 35 Clear-Flex Glucose 13,6 mg/ml šķīdums peritoneālai dialīzei",14-0250,Šķīdums peritoneālai dialīzei,"Glucosum anhydricum, Natrii chloridum, Calcii chloridum dihydricum, Magnesii chloridum hexahydricum, Natrii hydrogenocarbonas, Natrii (S)- lactatis solutio",Jā,Jā,M1,,,,,,
"Physioneal 35 Clear-Flex Glucose 22,7 mg/ml šķīdums peritoneālai dialīzei",14-0251,Šķīdums peritoneālai dialīzei,"Glucosum anhydricum, Natrii chloridum, Calcii chloridum dihydricum, Magnesii chloridum hexahydricum, Natrii hydrogenocarbonas, Natrii (S)- lactatis solutio",Jā,Jā,M1,,,,,,
"Physioneal 35 Clear-Flex Glucose 38,6 mg/ml šķīdums peritoneālai dialīzei",14-0252,Šķīdums peritoneālai dialīzei,"Glucosum anhydricum, Natrii chloridum, Calcii chloridum dihydricum, Magnesii chloridum hexahydricum, Natrii hydrogenocarbonas, Natrii (S)- lactatis solutio",Jā,Jā,M1,,,,,,
"Physioneal 40 Clear-Flex Glucose 13,6 mg/ml šķīdums peritoneālai dialīzei",14-0253,Šķīdums peritoneālai dialīzei,"Glucosum anhydricum, Natrii chloridum, Calcii chloridum dihydricum, Magnesii chloridum hexahydricum, Natrii hydrogenocarbonas, Natrii (S)- lactatis solutio",Jā,Jā,M1,,,,,,
"Physioneal 40 Clear-Flex Glucose 22,7 mg/ml šķīdums peritoneālai dialīzei",14-0254,Šķīdums peritoneālai dialīzei,"Glucosum anhydricum, Natrii chloridum, Calcii chloridum dihydricum, Magnesii chloridum hexahydricum, Natrii hydrogenocarbonas, Natrii (S)- lactatis solutio",Jā,Jā,M1,,,,,,
"Physioneal 40 Clear-Flex Glucose 38,6 mg/ml šķīdums peritoneālai dialīzei",14-0255,Šķīdums peritoneālai dialīzei,"Glucosum anhydricum, Natrii chloridum, Calcii chloridum dihydricum, Magnesii chloridum hexahydricum, Natrii hydrogenocarbonas, Natrii (S)- lactatis solutio",Jā,Jā,M1,,,,,,
Biphozyl šķīdums hemodialīzei/hemofiltrācijai,15-0002,Šķīdums hemodialīzei/hemofiltrācijai,"Magnesii chloridum hexahydricum, Natrii chloridum, Natrii hydrogenocarbonas, Kalii chloridum, Dinatrii phosphas dihydricus",Jā,Jā,M1,,,,,,
Regiocit šķīdums hemofiltrācijai,15-0023,Šķīdums hemofiltrācijai,"Natrii citras, Natrii chloridum",Jā,Jā,M1,,,,,,
Octaplasma šķīdums infūzijām,15-0256,Šķīdums infūzijām,Proteinum plasmatis humanum,Jā,Jā,M2,,,,,,
"Bicavera 1,5% glikoze, 1,25 mmol/l kalcijs, šķīdums peritoneālai dialīzei",16-0186,Šķīdums peritoneālai dialīzei,"Calcii chloridum dihydricum, Glucosum monohydricum, Magnesii chloridum hexahydricum, Natrii chloridum, Natrii hydrogenocarbonas",Jā,Jā,M1,,,,,,
"Bicavera 2,3% glikoze, 1,25 mmol/l kalcijs, šķīdums peritoneālai dialīzei",16-0187,Šķīdums peritoneālai dialīzei,"Calcii chloridum dihydricum, Glucosum monohydricum, Magnesii chloridum hexahydricum, Natrii chloridum, Natrii hydrogenocarbonas",Jā,Jā,M1,,,,,,
"Bicavera 4,25% glikoze, 1,25 mmol/l kalcijs, šķīdums peritoneālai dialīzei",16-0188,Šķīdums peritoneālai dialīzei,"Calcii chloridum dihydricum, Glucosum monohydricum, Magnesii chloridum hexahydricum, Natrii chloridum, Natrii hydrogenocarbonas",Jā,Jā,M1,,,,,,
"Dianeal PD4 Glucose 1,36% w/v/13,6 mg/ml šķīdums peritoneālai dialīzei",97-0056,Šķīdums peritoneālai dialīzei,"Glucosum monohydricum, Magnesii chloridum hexahydricum, Calcii chloridum dihydricum, Natrii lactas, Natrii chloridum",Jā,Jā,M1,,,,,,
"Dianeal PD4 Glucose 3,86% w/v/38,6 mg/ml šķīdums peritoneālai dialīzei",97-0057,Šķīdums peritoneālai dialīzei,"Glucosum monohydricum, Magnesii chloridum hexahydricum, Natrii chloridum, Natrii lactas, Calcii chloridum dihydricum",Jā,Jā,M1,,,,,,
"Dianeal PD4 Glucose 2,27% w/v//22,7 mg/ml šķīdums peritoneālai dialīzei",97-0058,Šķīdums peritoneālai dialīzei,"Glucosum monohydricum, Natrii chloridum, Calcii chloridum dihydricum, Magnesii chloridum hexahydricum, Natrii lactas",Jā,Jā,M1,,,,,,
Luminity,EU/1/06/361/001,Šķīdums dispersijām injekcijām vai infūzijām,Perflutrenum,Jā,Jā,M1,,,,,,
Luminity,EU/1/06/361/002,Šķīdums dispersijām injekcijām vai infūzijām,Perflutrenum,Jā,Jā,M1,,,,,,
Optison,EU/1/98/065/001,Dispersija injekcijām,Perflutrenum,Jā,Jā,M1,,,,,,
Optison,EU/1/98/065/002,Dispersija injekcijām,Perflutrenum,Jā,Jā,M1,,,,,,
Nebido 1000 mg/4 ml šķīdums injekcijām,05-0141,Šķīdums injekcijām,Testosteroni undecanoas,Jā,Jā,S1,,,,,,
Androgel 25 mg gels paciņā,05-0629,Gels paciņā,Testosteronum,Jā,Jā,S1,,,,,,
Androgel 50 mg gels paciņā,05-0630,Gels paciņā,Testosteronum,Jā,Jā,S1,,,,,,
Testim 50 mg transdermāls gels,12-0264,Transdermālais gels,Testosteronum,Jā,Jā,S1,,,,,,
Testarzon 20 mg/g transdermālais gels,18-0062,Transdermālais gels,Testosteronum,Jā,Jā,S1,,,,,,
Omnadren 250 mg/ml šķīdums injekcijām,97-0052,Šķīdums injekcijām,"Testosteroni propionas, Testosteroni phenylpropionas, Testosteroni isocaproas, Testosteroni decanoas",Jā,Jā,S1,,,,,,
Retabolil 50 mg/ml šķīdums injekcijām,97-0139,Šķīdums injekcijām,Nandroloni decanoas,Jā,Jā,S1,,,,,,
Sustanon 250 mg/ml šķīdums injekcijām,97-0497,Šķīdums injekcijām,"Testosteroni decanoas, Testosteroni phenylpropionas, Testosteroni isocaproas, Testosteroni propionas",Jā,Jā,S1,,,,,,
"Livial 2,5 mg tabletes",98-0299,Tabletes,Tibolonum,Jā,Jā,S1,,,,,,
Intrarosa,EU/1/17/1255/001,Pesāriji,Prasteronum,Jā,Jā,S1,,,,,,
Isturisa,EU/1/19/1407/001,Apvalkotā tablete,Osilodrostatum,Jā,Jā,S1,,,,,,
Isturisa,EU/1/19/1407/002,Apvalkotā tablete,Osilodrostatum,Jā,Jā,S1,,,,,,
Isturisa,EU/1/19/1407/003,Apvalkotā tablete,Osilodrostatum,Jā,Jā,S1,,,,,,
AndroGel 25 mg gels paciņā,I000539,Gels paciņā,Testosteronum,Jā,Jā,S1,,,,,,
Testim 50 mg gels,I000598,Gels,Testosteronum,Jā,Jā,S1,,,,,,
Genotropin 12 mg pulveris un šķīdinātājs injekciju šķīduma pagatavošanai,00-0136,Pulveris un šķīdinātājs injekciju šķīduma pagatavošanai,Somatropinum,Jā,Jā,S2,,,,,,
Saizen 8 mg click.easy pulveris un šķīdinātājs injekciju šķīduma pagatavošanai,02-0183,Pulveris un šķīdinātājs injekciju šķīduma pagatavošanai,Somatropinum,Jā,Jā,S2,,,,,,
Zomacton 10 mg pulveris un šķīdinātājs injekciju šķīduma pagatavošanai,10-0011,Pulveris un šķīdinātājs injekciju šķīduma pagatavošanai,Somatropinum,Jā,Jā,S2,,,,,,
"Saizen 5,83 mg/ml šķīdums injekcijām",11-0024,Šķīdums injekcijām,Somatropinum,Jā,Jā,S2,,,,,,
Saizen 8 mg/ml šķīdums injekcijām,11-0025,Šķīdums injekcijām,Somatropinum,Jā,Jā,S2,,,,,,
Pediaven G15% šķīdums infūzijām,14-0247,Šķīdums infūzijām,"Alaninum, Argininum, Acidum asparticum, Acetylcysteinum, Acidum glutamicum, Glycinum, Histidinum, Isoleucinum, Leucinum, Lysini monohydricum, Methioninum, Phenylalaninum, Prolinum, Serinum, Taurinum, Threoninum, Tryptophanum, Tyrosinum, Valinum, Dikalii phosphas, Glucosum monohydricum, Calcii gluconas monohydricus, Magnesii lactas dihydricus, Natrii chloridum, Kalii chloridum, Zinci acetas dihydricus, Cupri sulfas pentahydricus, Natrii fluoridum, Selenii dioxidum, Mangani chloridum tetrahydricus, Kalii iodidum, Chromii chloridum hexahydricum, Ferri sulfas heptahydricum, Cobalti chloridum hexahydricum, Ammonii molybdas tetrahydricus",Jā,Jā,S2,Aizliegtā viela - kobalts,,,Cobalt is the prohibited substance,,
Pediaven G20% šķīdums infūzijām,14-0248,Šķīdums infūzijām,"Alaninum, Argininum, Acidum asparticum, Acetylcysteinum, Acidum glutamicum, Glycinum, Histidinum, Isoleucinum, Leucinum, Lysini monohydricum, Methioninum, Phenylalaninum, Prolinum, Serinum, Taurinum, Threoninum, Tryptophanum, Tyrosinum, Valinum, Dikalii phosphas, Glucosum monohydricum, Calcii gluconas monohydricus, Magnesii lactas dihydricus, Natrii chloridum, Kalii chloridum, Zinci acetas dihydricus, Cupri sulfas pentahydricus, Natrii fluoridum, Selenii dioxidum, Mangani chloridum tetrahydricus, Kalii iodidum, Chromii chloridum hexahydricum, Ferri sulfas heptahydricum, Cobalti chloridum hexahydricum, Ammonii molybdas tetrahydricus",Jā,Jā,S2,Aizliegtā viela - kobalts,,,Cobalt is the prohibited substance,,
Pediaven G25% šķīdums infūzijām,14-0249,Šķīdums infūzijām,"Alaninum, Argininum, Acidum asparticum, Acetylcysteinum, Acidum glutamicum, Glycinum, Histidinum, Isoleucinum, Leucinum, Lysini monohydricum, Methioninum, Phenylalaninum, Prolinum, Serinum, Taurinum, Threoninum, Tryptophanum, Tyrosinum, Valinum, Dikalii phosphas, Glucosum monohydricum, Calcii gluconas monohydricus, Magnesii lactas dihydricus, Natrii chloridum, Kalii chloridum, Zinci acetas dihydricus, Cupri sulfas pentahydricus, Natrii fluoridum, Selenii dioxidum, Mangani chloridum tetrahydricus, Kalii iodidum, Chromii chloridum hexahydricum, Ferri sulfas heptahydricum, Cobalti chloridum hexahydricum, Ammonii molybdas tetrahydricus",Jā,Jā,S2,Aizliegtā viela - kobalts,,,Cobalt is the prohibited substance,,
Zomacton 4 mg pulveris un šķīdinātājs injekciju šķīduma pagatavošanai,97-0643,Pulveris un šķīdinātājs injekciju šķīduma pagatavošanai,Somatropinum,Jā,Jā,S2,,,,,,
"Genotropin 5,3 mg pulveris un šķīdinātājs injekciju šķīduma pagatavošanai",99-1014,Pulveris un šķīdinātājs injekciju šķīduma pagatavošanai,Somatropinum,Jā,Jā,S2,,,,,,
NutropinAq,EU/1/00/164/003,Šķīdums injekcijām,Somatropinum,Jā,Jā,S2,,,,,,
NutropinAq,EU/1/00/164/004,Šķīdums injekcijām,Somatropinum,Jā,Jā,S2,,,,,,
NutropinAq,EU/1/00/164/005,Šķīdums injekcijām,Somatropinum,Jā,Jā,S2,,,,,,
Aranesp,EU/1/01/185/001,Šķīdums injekcijām,Darbepoetinum alfa,Jā,Jā,S2,,,,,,
Aranesp,EU/1/01/185/002,Šķīdums injekcijām,Darbepoetinum alfa,Jā,Jā,S2,,,,,,
Aranesp,EU/1/01/185/003,Šķīdums injekcijām,Darbepoetinum alfa,Jā,Jā,S2,,,,,,
Aranesp,EU/1/01/185/004,Šķīdums injekcijām,Darbepoetinum alfa,Jā,Jā,S2,,,,,,
Aranesp,EU/1/01/185/005,Šķīdums injekcijām,Darbepoetinum alfa,Jā,Jā,S2,,,,,,
Aranesp,EU/1/01/185/006,Šķīdums injekcijām,Darbepoetinum alfa,Jā,Jā,S2,,,,,,
Aranesp,EU/1/01/185/007,Šķīdums injekcijām,Darbepoetinum alfa,Jā,Jā,S2,,,,,,
Aranesp,EU/1/01/185/008,Šķīdums injekcijām,Darbepoetinum alfa,Jā,Jā,S2,,,,,,
Aranesp,EU/1/01/185/009,Šķīdums injekcijām,Darbepoetinum alfa,Jā,Jā,S2,,,,,,
Aranesp,EU/1/01/185/010,Šķīdums injekcijām,Darbepoetinum alfa,Jā,Jā,S2,,,,,,
Aranesp,EU/1/01/185/011,Šķīdums injekcijām,Darbepoetinum alfa,Jā,Jā,S2,,,,,,
Aranesp,EU/1/01/185/012,Šķīdums injekcijām,Darbepoetinum alfa,Jā,Jā,S2,,,,,,
Aranesp,EU/1/01/185/013,Šķīdums injekcijām,Darbepoetinum alfa,Jā,Jā,S2,,,,,,
Aranesp,EU/1/01/185/014,Šķīdums injekcijām,Darbepoetinum alfa,Jā,Jā,S2,,,,,,
Aranesp,EU/1/01/185/015,Šķīdums injekcijām,Darbepoetinum alfa,Jā,Jā,S2,,,,,,
Aranesp,EU/1/01/185/016,Šķīdums injekcijām,Darbepoetinum alfa,Jā,Jā,S2,,,,,,
Aranesp,EU/1/01/185/017,Šķīdums injekcijām,Darbepoetinum alfa,Jā,Jā,S2,,,,,,
Aranesp,EU/1/01/185/018,Šķīdums injekcijām,Darbepoetinum alfa,Jā,Jā,S2,,,,,,
Aranesp,EU/1/01/185/019,Šķīdums injekcijām,Darbepoetinum alfa,Jā,Jā,S2,,,,,,
Aranesp,EU/1/01/185/020,Šķīdums injekcijām,Darbepoetinum alfa,Jā,Jā,S2,,,,,,
Aranesp,EU/1/01/185/021,Šķīdums injekcijām,Darbepoetinum alfa,Jā,Jā,S2,,,,,,
Aranesp,EU/1/01/185/022,Šķīdums injekcijām,Darbepoetinum alfa,Jā,Jā,S2,,,,,,
Aranesp,EU/1/01/185/031,Šķīdums injekcijām,Darbepoetinum alfa,Jā,Jā,S2,,,,,,
Aranesp,EU/1/01/185/032,Šķīdums injekcijām,Darbepoetinum alfa,Jā,Jā,S2,,,,,,
Aranesp,EU/1/01/185/033,Šķīdums injekcijām,Darbepoetinum alfa,Jā,Jā,S2,,,,,,
Aranesp,EU/1/01/185/034,Šķīdums injekcijām,Darbepoetinum alfa,Jā,Jā,S2,,,,,,
Aranesp,EU/1/01/185/035,Šķīdums injekcijām,Darbepoetinum alfa,Jā,Jā,S2,,,,,,
Aranesp,EU/1/01/185/036,Šķīdums injekcijām,Darbepoetinum alfa,Jā,Jā,S2,,,,,,
Aranesp,EU/1/01/185/037,Šķīdums injekcijām,Darbepoetinum alfa,Jā,Jā,S2,,,,,,
Aranesp,EU/1/01/185/038,Šķīdums injekcijām,Darbepoetinum alfa,Jā,Jā,S2,,,,,,
Aranesp,EU/1/01/185/039,Šķīdums injekcijām,Darbepoetinum alfa,Jā,Jā,S2,,,,,,
Aranesp,EU/1/01/185/040,Šķīdums injekcijām,Darbepoetinum alfa,Jā,Jā,S2,,,,,,
Aranesp,EU/1/01/185/041,Šķīdums injekcijām,Darbepoetinum alfa,Jā,Jā,S2,,,,,,
Aranesp,EU/1/01/185/042,Šķīdums injekcijām,Darbepoetinum alfa,Jā,Jā,S2,,,,,,
Aranesp,EU/1/01/185/043,Šķīdums injekcijām,Darbepoetinum alfa,Jā,Jā,S2,,,,,,
Aranesp,EU/1/01/185/044,Šķīdums injekcijām,Darbepoetinum alfa,Jā,Jā,S2,,,,,,
Aranesp,EU/1/01/185/045,Šķīdums injekcijām,Darbepoetinum alfa,Jā,Jā,S2,,,,,,
Aranesp,EU/1/01/185/046,Šķīdums injekcijām,Darbepoetinum alfa,Jā,Jā,S2,,,,,,
Aranesp,EU/1/01/185/047,Šķīdums injekcijām,Darbepoetinum alfa,Jā,Jā,S2,,,,,,
Aranesp,EU/1/01/185/048,Šķīdums injekcijām,Darbepoetinum alfa,Jā,Jā,S2,,,,,,
Aranesp,EU/1/01/185/049,Šķīdums injekcijām,Darbepoetinum alfa,Jā,Jā,S2,,,,,,
Aranesp,EU/1/01/185/050,Šķīdums injekcijām,Darbepoetinum alfa,Jā,Jā,S2,,,,,,
Aranesp,EU/1/01/185/051,Šķīdums injekcijām,Darbepoetinum alfa,Jā,Jā,S2,,,,,,
Aranesp,EU/1/01/185/052,Šķīdums injekcijām,Darbepoetinum alfa,Jā,Jā,S2,,,,,,
Aranesp,EU/1/01/185/053,Šķīdums injekcijām,Darbepoetinum alfa,Jā,Jā,S2,,,,,,
Aranesp,EU/1/01/185/054,Šķīdums injekcijām,Darbepoetinum alfa,Jā,Jā,S2,,,,,,
Aranesp,EU/1/01/185/055,Šķīdums injekcijām,Darbepoetinum alfa,Jā,Jā,S2,,,,,,
Aranesp,EU/1/01/185/056,Šķīdums injekcijām,Darbepoetinum alfa,Jā,Jā,S2,,,,,,
Aranesp,EU/1/01/185/057,Šķīdums injekcijām,Darbepoetinum alfa,Jā,Jā,S2,,,,,,
Aranesp,EU/1/01/185/058,Šķīdums injekcijām,Darbepoetinum alfa,Jā,Jā,S2,,,,,,
Aranesp,EU/1/01/185/059,Šķīdums injekcijām,Darbepoetinum alfa,Jā,Jā,S2,,,,,,
Aranesp,EU/1/01/185/060,Šķīdums injekcijām,Darbepoetinum alfa,Jā,Jā,S2,,,,,,
Aranesp,EU/1/01/185/061,Šķīdums injekcijām,Darbepoetinum alfa,Jā,Jā,S2,,,,,,
Aranesp,EU/1/01/185/062,Šķīdums injekcijām,Darbepoetinum alfa,Jā,Jā,S2,,,,,,
Aranesp,EU/1/01/185/063,Šķīdums injekcijām,Darbepoetinum alfa,Jā,Jā,S2,,,,,,
Aranesp,EU/1/01/185/064,Šķīdums injekcijām,Darbepoetinum alfa,Jā,Jā,S2,,,,,,
Aranesp,EU/1/01/185/065,Šķīdums injekcijām,Darbepoetinum alfa,Jā,Jā,S2,,,,,,
Aranesp,EU/1/01/185/066,Šķīdums injekcijām,Darbepoetinum alfa,Jā,Jā,S2,,,,,,
Aranesp,EU/1/01/185/067,Šķīdums injekcijām,Darbepoetinum alfa,Jā,Jā,S2,,,,,,
Aranesp,EU/1/01/185/068,Šķīdums injekcijām,Darbepoetinum alfa,Jā,Jā,S2,,,,,,
Aranesp,EU/1/01/185/069,Šķīdums injekcijām,Darbepoetinum alfa,Jā,Jā,S2,,,,,,
Aranesp,EU/1/01/185/070,Šķīdums injekcijām,Darbepoetinum alfa,Jā,Jā,S2,,,,,,
Aranesp,EU/1/01/185/071,Šķīdums injekcijām,Darbepoetinum alfa,Jā,Jā,S2,,,,,,
Aranesp,EU/1/01/185/072,Šķīdums injekcijām,Darbepoetinum alfa,Jā,Jā,S2,,,,,,
Aranesp,EU/1/01/185/073,Šķīdums injekcijām,Darbepoetinum alfa,Jā,Jā,S2,,,,,,
Aranesp,EU/1/01/185/074,Šķīdums injekcijām,Darbepoetinum alfa,Jā,Jā,S2,,,,,,
Aranesp,EU/1/01/185/075,Šķīdums injekcijām,Darbepoetinum alfa,Jā,Jā,S2,,,,,,
Aranesp,EU/1/01/185/076,Šķīdums injekcijām,Darbepoetinum alfa,Jā,Jā,S2,,,,,,
Aranesp,EU/1/01/185/077,Šķīdums injekcijām,Darbepoetinum alfa,Jā,Jā,S2,,,,,,
Aranesp,EU/1/01/185/078,Šķīdums injekcijām,Darbepoetinum alfa,Jā,Jā,S2,,,,,,
Aranesp,EU/1/01/185/079,Šķīdums injekcijām,Darbepoetinum alfa,Jā,Jā,S2,,,,,,
Aranesp,EU/1/01/185/080,Šķīdums injekcijām,Darbepoetinum alfa,Jā,Jā,S2,,,,,,
Aranesp,EU/1/01/185/081,Šķīdums injekcijām,Darbepoetinum alfa,Jā,Jā,S2,,,,,,
Aranesp,EU/1/01/185/082,Šķīdums injekcijām,Darbepoetinum alfa,Jā,Jā,S2,,,,,,
Aranesp,EU/1/01/185/083,Šķīdums injekcijām,Darbepoetinum alfa,Jā,Jā,S2,,,,,,
Aranesp,EU/1/01/185/084,Šķīdums injekcijām,Darbepoetinum alfa,Jā,Jā,S2,,,,,,
Aranesp,EU/1/01/185/085,Šķīdums injekcijām,Darbepoetinum alfa,Jā,Jā,S2,,,,,,
Aranesp,EU/1/01/185/086,Šķīdums injekcijām,Darbepoetinum alfa,Jā,Jā,S2,,,,,,
Aranesp,EU/1/01/185/087,Šķīdums injekcijām,Darbepoetinum alfa,Jā,Jā,S2,,,,,,
Aranesp,EU/1/01/185/088,Šķīdums injekcijām,Darbepoetinum alfa,Jā,Jā,S2,,,,,,
Aranesp,EU/1/01/185/089,Šķīdums injekcijām,Darbepoetinum alfa,Jā,Jā,S2,,,,,,
Aranesp,EU/1/01/185/090,Šķīdums injekcijām,Darbepoetinum alfa,Jā,Jā,S2,,,,,,
Aranesp,EU/1/01/185/091,Šķīdums injekcijām,Darbepoetinum alfa,Jā,Jā,S2,,,,,,
Aranesp,EU/1/01/185/092,Šķīdums injekcijām,Darbepoetinum alfa,Jā,Jā,S2,,,,,,
Aranesp,EU/1/01/185/093,Šķīdums injekcijām,Darbepoetinum alfa,Jā,Jā,S2,,,,,,
Aranesp,EU/1/01/185/094,Šķīdums injekcijām,Darbepoetinum alfa,Jā,Jā,S2,,,,,,
Aranesp,EU/1/01/185/095,Šķīdums injekcijām,Darbepoetinum alfa,Jā,Jā,S2,,,,,,
Aranesp,EU/1/01/185/096,Šķīdums injekcijām,Darbepoetinum alfa,Jā,Jā,S2,,,,,,
Aranesp,EU/1/01/185/097,Šķīdums injekcijām,Darbepoetinum alfa,Jā,Jā,S2,,,,,,
Aranesp,EU/1/01/185/098,Šķīdums injekcijām,Darbepoetinum alfa,Jā,Jā,S2,,,,,,
Aranesp,EU/1/01/185/099,Šķīdums injekcijām,Darbepoetinum alfa,Jā,Jā,S2,,,,,,
Aranesp,EU/1/01/185/100,Šķīdums injekcijām,Darbepoetinum alfa,Jā,Jā,S2,,,,,,
Aranesp,EU/1/01/185/101,Šķīdums injekcijām,Darbepoetinum alfa,Jā,Jā,S2,,,,,,
Aranesp,EU/1/01/185/102,Šķīdums injekcijām,Darbepoetinum alfa,Jā,Jā,S2,,,,,,
Aranesp,EU/1/01/185/103,Šķīdums injekcijām,Darbepoetinum alfa,Jā,Jā,S2,,,,,,
Aranesp,EU/1/01/185/104,Šķīdums injekcijām,Darbepoetinum alfa,Jā,Jā,S2,,,,,,
Aranesp,EU/1/01/185/105,Šķīdums injekcijām,Darbepoetinum alfa,Jā,Jā,S2,,,,,,
Aranesp,EU/1/01/185/106,Šķīdums injekcijām,Darbepoetinum alfa,Jā,Jā,S2,,,,,,
Aranesp,EU/1/01/185/107,Šķīdums injekcijām,Darbepoetinum alfa,Jā,Jā,S2,,,,,,
Aranesp,EU/1/01/185/108,Šķīdums injekcijām,Darbepoetinum alfa,Jā,Jā,S2,,,,,,
Aranesp,EU/1/01/185/109,Šķīdums injekcijām,Darbepoetinum alfa,Jā,Jā,S2,,,,,,
Aranesp,EU/1/01/185/110,Šķīdums injekcijām,Darbepoetinum alfa,Jā,Jā,S2,,,,,,
Aranesp,EU/1/01/185/111,Šķīdums injekcijām,Darbepoetinum alfa,Jā,Jā,S2,,,,,,
Omnitrope,EU/1/06/332/001,Pulveris un šķīdinātājs injekciju šķīduma pagatavošanai,Somatropinum,Jā,Jā,S2,,,,,,
Omnitrope,EU/1/06/332/002,Pulveris un šķīdinātājs injekciju šķīduma pagatavošanai,Somatropinum,Jā,Jā,S2,,,,,,
Omnitrope,EU/1/06/332/003,Pulveris un šķīdinātājs injekciju šķīduma pagatavošanai,Somatropinum,Jā,Jā,S2,,,,,,
Omnitrope,EU/1/06/332/004,Šķīdums injekcijām kārtridžā,Somatropinum,Jā,Jā,S2,,,,,,
Omnitrope,EU/1/06/332/005,Šķīdums injekcijām kārtridžā,Somatropinum,Jā,Jā,S2,,,,,,
Omnitrope,EU/1/06/332/006,Šķīdums injekcijām kārtridžā,Somatropinum,Jā,Jā,S2,,,,,,
Omnitrope,EU/1/06/332/007,Šķīdums injekcijām kārtridžā,Somatropinum,Jā,Jā,S2,,,,,,
Omnitrope,EU/1/06/332/008,Šķīdums injekcijām kārtridžā,Somatropinum,Jā,Jā,S2,,,,,,
Omnitrope,EU/1/06/332/009,Šķīdums injekcijām kārtridžā,Somatropinum,Jā,Jā,S2,,,,,,
Omnitrope,EU/1/06/332/010,Šķīdums injekcijām kārtridžā,Somatropinum,Jā,Jā,S2,,,,,,
Omnitrope,EU/1/06/332/011,Šķīdums injekcijām kārtridžā,Somatropinum,Jā,Jā,S2,,,,,,
Omnitrope,EU/1/06/332/012,Šķīdums injekcijām kārtridžā,Somatropinum,Jā,Jā,S2,,,,,,
Omnitrope,EU/1/06/332/013,Šķīdums injekcijām kārtridžā,Somatropinum,Jā,Jā,S2,,,,,,
Omnitrope,EU/1/06/332/014,Šķīdums injekcijām kārtridžā,Somatropinum,Jā,Jā,S2,,,,,,
Omnitrope,EU/1/06/332/015,Šķīdums injekcijām kārtridžā,Somatropinum,Jā,Jā,S2,,,,,,
Omnitrope,EU/1/06/332/016,Šķīdums injekcijām kārtridžā,Somatropinum,Jā,Jā,S2,,,,,,
Omnitrope,EU/1/06/332/017,Šķīdums injekcijām kārtridžā,Somatropinum,Jā,Jā,S2,,,,,,
Omnitrope,EU/1/06/332/018,Šķīdums injekcijām kārtridžā,Somatropinum,Jā,Jā,S2,,,,,,
Mircera,EU/1/07/400/008,Šķīdums injekcijām,Methoxy-polyethylen-glycol-epoetinum beta,Jā,Jā,S2,,,,,,
Mircera,EU/1/07/400/009,Šķīdums injekcijām,Methoxy-polyethylen-glycol-epoetinum beta,Jā,Jā,S2,,,,,,
Mircera,EU/1/07/400/010,Šķīdums injekcijām,Methoxy-polyethylen-glycol-epoetinum beta,Jā,Jā,S2,,,,,,
Mircera,EU/1/07/400/011,Šķīdums injekcijām,Methoxy-polyethylen-glycol-epoetinum beta,Jā,Jā,S2,,,,,,
Mircera,EU/1/07/400/012,Šķīdums injekcijām,Methoxy-polyethylen-glycol-epoetinum beta,Jā,Jā,S2,,,,,,
Mircera,EU/1/07/400/013,Šķīdums injekcijām,Methoxy-polyethylen-glycol-epoetinum beta,Jā,Jā,S2,,,,,,
Mircera,EU/1/07/400/017,Šķīdums injekcijām,Methoxy-polyethylen-glycol-epoetinum beta,Jā,Jā,S2,,,,,,
Mircera,EU/1/07/400/018,Šķīdums injekcijām,Methoxy-polyethylen-glycol-epoetinum beta,Jā,Jā,S2,,,,,,
Mircera,EU/1/07/400/019,Šķīdums injekcijām,Methoxy-polyethylen-glycol-epoetinum beta,Jā,Jā,S2,,,,,,
Mircera,EU/1/07/400/020,Šķīdums injekcijām,Methoxy-polyethylen-glycol-epoetinum beta,Jā,Jā,S2,,,,,,
Mircera,EU/1/07/400/021,Šķīdums injekcijām,Methoxy-polyethylen-glycol-epoetinum beta,Jā,Jā,S2,,,,,,
Mircera,EU/1/07/400/022,Šķīdums injekcijām,Methoxy-polyethylen-glycol-epoetinum beta,Jā,Jā,S2,,,,,,
Mircera,EU/1/07/400/023,Šķīdums injekcijām,Methoxy-polyethylen-glycol-epoetinum beta,Jā,Jā,S2,,,,,,
Mircera,EU/1/07/400/024,Šķīdums injekcijām,Methoxy-polyethylen-glycol-epoetinum beta,Jā,Jā,S2,,,,,,
INCRELEX,EU/1/07/402/001,Šķīdums injekcijām,Mecaserminum,Jā,Jā,S2,,,,,,
Binocrit,EU/1/07/410/001,Šķīdums injekcijām pilnšļircē,Epoetinum alfa,Jā,Jā,S2,,,,,,
Binocrit,EU/1/07/410/002,Šķīdums injekcijām pilnšļircē,Epoetinum alfa,Jā,Jā,S2,,,,,,
Binocrit,EU/1/07/410/003,Šķīdums injekcijām pilnšļircē,Epoetinum alfa,Jā,Jā,S2,,,,,,
Binocrit,EU/1/07/410/004,Šķīdums injekcijām pilnšļircē,Epoetinum alfa,Jā,Jā,S2,,,,,,
Binocrit,EU/1/07/410/005,Šķīdums injekcijām pilnšļircē,Epoetinum alfa,Jā,Jā,S2,,,,,,
Binocrit,EU/1/07/410/006,Šķīdums injekcijām pilnšļircē,Epoetinum alfa,Jā,Jā,S2,,,,,,
Binocrit,EU/1/07/410/007,Šķīdums injekcijām pilnšļircē,Epoetinum alfa,Jā,Jā,S2,,,,,,
Binocrit,EU/1/07/410/008,Šķīdums injekcijām pilnšļircē,Epoetinum alfa,Jā,Jā,S2,,,,,,
Binocrit,EU/1/07/410/009,Šķīdums injekcijām pilnšļircē,Epoetinum alfa,Jā,Jā,S2,,,,,,
Binocrit,EU/1/07/410/010,Šķīdums injekcijām pilnšļircē,Epoetinum alfa,Jā,Jā,S2,,,,,,
Binocrit,EU/1/07/410/011,Šķīdums injekcijām pilnšļircē,Epoetinum alfa,Jā,Jā,S2,,,,,,
Binocrit,EU/1/07/410/012,Šķīdums injekcijām pilnšļircē,Epoetinum alfa,Jā,Jā,S2,,,,,,
Binocrit,EU/1/07/410/013,Šķīdums injekcijām pilnšļircē,Epoetinum alfa,Jā,Jā,S2,,,,,,
Binocrit,EU/1/07/410/014,Šķīdums injekcijām pilnšļircē,Epoetinum alfa,Jā,Jā,S2,,,,,,
Binocrit,EU/1/07/410/015,Šķīdums injekcijām pilnšļircē,Epoetinum alfa,Jā,Jā,S2,,,,,,
Binocrit,EU/1/07/410/016,Šķīdums injekcijām pilnšļircē,Epoetinum alfa,Jā,Jā,S2,,,,,,
Binocrit,EU/1/07/410/017,Šķīdums injekcijām pilnšļircē,Epoetinum alfa,Jā,Jā,S2,,,,,,
Binocrit,EU/1/07/410/018,Šķīdums injekcijām pilnšļircē,Epoetinum alfa,Jā,Jā,S2,,,,,,
Binocrit,EU/1/07/410/019,Šķīdums injekcijām pilnšļircē,Epoetinum alfa,Jā,Jā,S2,,,,,,
Binocrit,EU/1/07/410/020,Šķīdums injekcijām pilnšļircē,Epoetinum alfa,Jā,Jā,S2,,,,,,
Binocrit,EU/1/07/410/021,Šķīdums injekcijām pilnšļircē,Epoetinum alfa,Jā,Jā,S2,,,,,,
Binocrit,EU/1/07/410/022,Šķīdums injekcijām pilnšļircē,Epoetinum alfa,Jā,Jā,S2,,,,,,
Binocrit,EU/1/07/410/023,Šķīdums injekcijām pilnšļircē,Epoetinum alfa,Jā,Jā,S2,,,,,,
Binocrit,EU/1/07/410/024,Šķīdums injekcijām pilnšļircē,Epoetinum alfa,Jā,Jā,S2,,,,,,
Binocrit,EU/1/07/410/025,Šķīdums injekcijām pilnšļircē,Epoetinum alfa,Jā,Jā,S2,,,,,,
Binocrit,EU/1/07/410/026,Šķīdums injekcijām pilnšļircē,Epoetinum alfa,Jā,Jā,S2,,,,,,
Binocrit,EU/1/07/410/027,Šķīdums injekcijām pilnšļircē,Epoetinum alfa,Jā,Jā,S2,,,,,,
Binocrit,EU/1/07/410/028,Šķīdums injekcijām pilnšļircē,Epoetinum alfa,Jā,Jā,S2,,,,,,
Binocrit,EU/1/07/410/029,Šķīdums injekcijām pilnšļircē,Epoetinum alfa,Jā,Jā,S2,,,,,,
Binocrit,EU/1/07/410/030,Šķīdums injekcijām pilnšļircē,Epoetinum alfa,Jā,Jā,S2,,,,,,
Binocrit,EU/1/07/410/031,Šķīdums injekcijām pilnšļircē,Epoetinum alfa,Jā,Jā,S2,,,,,,
Binocrit,EU/1/07/410/032,Šķīdums injekcijām pilnšļircē,Epoetinum alfa,Jā,Jā,S2,,,,,,
Binocrit,EU/1/07/410/033,Šķīdums injekcijām pilnšļircē,Epoetinum alfa,Jā,Jā,S2,,,,,,
Binocrit,EU/1/07/410/034,Šķīdums injekcijām pilnšļircē,Epoetinum alfa,Jā,Jā,S2,,,,,,
Binocrit,EU/1/07/410/035,Šķīdums injekcijām pilnšļircē,Epoetinum alfa,Jā,Jā,S2,,,,,,
Binocrit,EU/1/07/410/036,Šķīdums injekcijām pilnšļircē,Epoetinum alfa,Jā,Jā,S2,,,,,,
Binocrit,EU/1/07/410/037,Šķīdums injekcijām pilnšļircē,Epoetinum alfa,Jā,Jā,S2,,,,,,
Binocrit,EU/1/07/410/038,Šķīdums injekcijām pilnšļircē,Epoetinum alfa,Jā,Jā,S2,,,,,,
Binocrit,EU/1/07/410/039,Šķīdums injekcijām pilnšļircē,Epoetinum alfa,Jā,Jā,S2,,,,,,
Binocrit,EU/1/07/410/040,Šķīdums injekcijām pilnšļircē,Epoetinum alfa,Jā,Jā,S2,,,,,,
Binocrit,EU/1/07/410/041,Šķīdums injekcijām pilnšļircē,Epoetinum alfa,Jā,Jā,S2,,,,,,
Binocrit,EU/1/07/410/042,Šķīdums injekcijām pilnšļircē,Epoetinum alfa,Jā,Jā,S2,,,,,,
Binocrit,EU/1/07/410/043,Šķīdums injekcijām pilnšļircē,Epoetinum alfa,Jā,Jā,S2,,,,,,
Binocrit,EU/1/07/410/044,Šķīdums injekcijām pilnšļircē,Epoetinum alfa,Jā,Jā,S2,,,,,,
Binocrit,EU/1/07/410/045,Šķīdums injekcijām pilnšļircē,Epoetinum alfa,Jā,Jā,S2,,,,,,
Binocrit,EU/1/07/410/046,Šķīdums injekcijām pilnšļircē,Epoetinum alfa,Jā,Jā,S2,,,,,,
Binocrit,EU/1/07/410/047,Šķīdums injekcijām pilnšļircē,Epoetinum alfa,Jā,Jā,S2,,,,,,
Binocrit,EU/1/07/410/048,Šķīdums injekcijām pilnšļircē,Epoetinum alfa,Jā,Jā,S2,,,,,,
Binocrit,EU/1/07/410/049,Šķīdums injekcijām pilnšļircē,Epoetinum alfa,Jā,Jā,S2,,,,,,
Binocrit,EU/1/07/410/050,Šķīdums injekcijām pilnšļircē,Epoetinum alfa,Jā,Jā,S2,,,,,,
Binocrit,EU/1/07/410/051,Šķīdums injekcijām pilnšļircē,Epoetinum alfa,Jā,Jā,S2,,,,,,
Binocrit,EU/1/07/410/052,Šķīdums injekcijām pilnšļircē,Epoetinum alfa,Jā,Jā,S2,,,,,,
Binocrit,EU/1/07/410/053,Šķīdums injekcijām pilnšļircē,Epoetinum alfa,Jā,Jā,S2,,,,,,
Binocrit,EU/1/07/410/054,Šķīdums injekcijām pilnšļircē,Epoetinum alfa,Jā,Jā,S2,,,,,,
Binocrit,EU/1/07/410/055,Šķīdums injekcijām pilnšļircē,Epoetinum alfa,Jā,Jā,S2,,,,,,
Epoetin alfa Hexal,EU/1/07/411/001,Šķīdums injekcijām pilnšļircē,Epoetinum alfa,Jā,Jā,S2,,,,,,
Epoetin alfa Hexal,EU/1/07/411/002,Šķīdums injekcijām pilnšļircē,Epoetinum alfa,Jā,Jā,S2,,,,,,
Epoetin alfa Hexal,EU/1/07/411/003,Šķīdums injekcijām pilnšļircē,Epoetinum alfa,Jā,Jā,S2,,,,,,
Epoetin alfa Hexal,EU/1/07/411/004,Šķīdums injekcijām pilnšļircē,Epoetinum alfa,Jā,Jā,S2,,,,,,
Epoetin alfa Hexal,EU/1/07/411/005,Šķīdums injekcijām pilnšļircē,Epoetinum alfa,Jā,Jā,S2,,,,,,
Epoetin alfa Hexal,EU/1/07/411/006,Šķīdums injekcijām pilnšļircē,Epoetinum alfa,Jā,Jā,S2,,,,,,
Epoetin alfa Hexal,EU/1/07/411/007,Šķīdums injekcijām pilnšļircē,Epoetinum alfa,Jā,Jā,S2,,,,,,
Epoetin alfa Hexal,EU/1/07/411/008,Šķīdums injekcijām pilnšļircē,Epoetinum alfa,Jā,Jā,S2,,,,,,
Epoetin alfa Hexal,EU/1/07/411/009,Šķīdums injekcijām pilnšļircē,Epoetinum alfa,Jā,Jā,S2,,,,,,
Epoetin alfa Hexal,EU/1/07/411/010,Šķīdums injekcijām pilnšļircē,Epoetinum alfa,Jā,Jā,S2,,,,,,
Epoetin alfa Hexal,EU/1/07/411/011,Šķīdums injekcijām pilnšļircē,Epoetinum alfa,Jā,Jā,S2,,,,,,
Epoetin alfa Hexal,EU/1/07/411/012,Šķīdums injekcijām pilnšļircē,Epoetinum alfa,Jā,Jā,S2,,,,,,
Epoetin alfa Hexal,EU/1/07/411/013,Šķīdums injekcijām pilnšļircē,Epoetinum alfa,Jā,Jā,S2,,,,,,
Epoetin alfa Hexal,EU/1/07/411/014,Šķīdums injekcijām pilnšļircē,Epoetinum alfa,Jā,Jā,S2,,,,,,
Epoetin alfa Hexal,EU/1/07/411/015,Šķīdums injekcijām pilnšļircē,Epoetinum alfa,Jā,Jā,S2,,,,,,
Epoetin alfa Hexal,EU/1/07/411/016,Šķīdums injekcijām pilnšļircē,Epoetinum alfa,Jā,Jā,S2,,,,,,
Epoetin alfa Hexal,EU/1/07/411/017,Šķīdums injekcijām pilnšļircē,Epoetinum alfa,Jā,Jā,S2,,,,,,
Epoetin alfa Hexal,EU/1/07/411/018,Šķīdums injekcijām pilnšļircē,Epoetinum alfa,Jā,Jā,S2,,,,,,
Epoetin alfa Hexal,EU/1/07/411/019,Šķīdums injekcijām pilnšļircē,Epoetinum alfa,Jā,Jā,S2,,,,,,
Epoetin alfa Hexal,EU/1/07/411/020,Šķīdums injekcijām pilnšļircē,Epoetinum alfa,Jā,Jā,S2,,,,,,
Epoetin alfa Hexal,EU/1/07/411/021,Šķīdums injekcijām pilnšļircē,Epoetinum alfa,Jā,Jā,S2,,,,,,
Epoetin alfa Hexal,EU/1/07/411/022,Šķīdums injekcijām pilnšļircē,Epoetinum alfa,Jā,Jā,S2,,,,,,
Epoetin alfa Hexal,EU/1/07/411/023,Šķīdums injekcijām pilnšļircē,Epoetinum alfa,Jā,Jā,S2,,,,,,
Epoetin alfa Hexal,EU/1/07/411/024,Šķīdums injekcijām pilnšļircē,Epoetinum alfa,Jā,Jā,S2,,,,,,
Epoetin alfa Hexal,EU/1/07/411/025,Šķīdums injekcijām pilnšļircē,Epoetinum alfa,Jā,Jā,S2,,,,,,
Epoetin alfa Hexal,EU/1/07/411/026,Šķīdums injekcijām pilnšļircē,Epoetinum alfa,Jā,Jā,S2,,,,,,
Epoetin alfa Hexal,EU/1/07/411/027,Šķīdums injekcijām pilnšļircē,Epoetinum alfa,Jā,Jā,S2,,,,,,
Epoetin alfa Hexal,EU/1/07/411/028,Šķīdums injekcijām pilnšļircē,Epoetinum alfa,Jā,Jā,S2,,,,,,
Epoetin alfa Hexal,EU/1/07/411/029,Šķīdums injekcijām pilnšļircē,Epoetinum alfa,Jā,Jā,S2,,,,,,
Epoetin alfa Hexal,EU/1/07/411/030,Šķīdums injekcijām pilnšļircē,Epoetinum alfa,Jā,Jā,S2,,,,,,
Epoetin alfa Hexal,EU/1/07/411/031,Šķīdums injekcijām pilnšļircē,Epoetinum alfa,Jā,Jā,S2,,,,,,
Epoetin alfa Hexal,EU/1/07/411/032,Šķīdums injekcijām pilnšļircē,Epoetinum alfa,Jā,Jā,S2,,,,,,
Epoetin alfa Hexal,EU/1/07/411/033,Šķīdums injekcijām pilnšļircē,Epoetinum alfa,Jā,Jā,S2,,,,,,
Epoetin alfa Hexal,EU/1/07/411/034,Šķīdums injekcijām pilnšļircē,Epoetinum alfa,Jā,Jā,S2,,,,,,
Epoetin alfa Hexal,EU/1/07/411/035,Šķīdums injekcijām pilnšļircē,Epoetinum alfa,Jā,Jā,S2,,,,,,
Epoetin alfa Hexal,EU/1/07/411/036,Šķīdums injekcijām pilnšļircē,Epoetinum alfa,Jā,Jā,S2,,,,,,
Epoetin alfa Hexal,EU/1/07/411/037,Šķīdums injekcijām pilnšļircē,Epoetinum alfa,Jā,Jā,S2,,,,,,
Epoetin alfa Hexal,EU/1/07/411/038,Šķīdums injekcijām pilnšļircē,Epoetinum alfa,Jā,Jā,S2,,,,,,
Epoetin alfa Hexal,EU/1/07/411/039,Šķīdums injekcijām pilnšļircē,Epoetinum alfa,Jā,Jā,S2,,,,,,
Epoetin alfa Hexal,EU/1/07/411/040,Šķīdums injekcijām pilnšļircē,Epoetinum alfa,Jā,Jā,S2,,,,,,
Epoetin alfa Hexal,EU/1/07/411/041,Šķīdums injekcijām pilnšļircē,Epoetinum alfa,Jā,Jā,S2,,,,,,
Epoetin alfa Hexal,EU/1/07/411/042,Šķīdums injekcijām pilnšļircē,Epoetinum alfa,Jā,Jā,S2,,,,,,
Epoetin alfa Hexal,EU/1/07/411/043,Šķīdums injekcijām pilnšļircē,Epoetinum alfa,Jā,Jā,S2,,,,,,
Epoetin alfa Hexal,EU/1/07/411/044,Šķīdums injekcijām pilnšļircē,Epoetinum alfa,Jā,Jā,S2,,,,,,
Epoetin alfa Hexal,EU/1/07/411/045,Šķīdums injekcijām pilnšļircē,Epoetinum alfa,Jā,Jā,S2,,,,,,
Epoetin alfa Hexal,EU/1/07/411/046,Šķīdums injekcijām pilnšļircē,Epoetinum alfa,Jā,Jā,S2,,,,,,
Epoetin alfa Hexal,EU/1/07/411/047,Šķīdums injekcijām pilnšļircē,Epoetinum alfa,Jā,Jā,S2,,,,,,
Epoetin alfa Hexal,EU/1/07/411/048,Šķīdums injekcijām pilnšļircē,Epoetinum alfa,Jā,Jā,S2,,,,,,
Epoetin alfa Hexal,EU/1/07/411/049,Šķīdums injekcijām pilnšļircē,Epoetinum alfa,Jā,Jā,S2,,,,,,
Epoetin alfa Hexal,EU/1/07/411/050,Šķīdums injekcijām pilnšļircē,Epoetinum alfa,Jā,Jā,S2,,,,,,
Epoetin alfa Hexal,EU/1/07/411/051,Šķīdums injekcijām pilnšļircē,Epoetinum alfa,Jā,Jā,S2,,,,,,
Epoetin alfa Hexal,EU/1/07/411/052,Šķīdums injekcijām pilnšļircē,Epoetinum alfa,Jā,Jā,S2,,,,,,
Epoetin alfa Hexal,EU/1/07/411/053,Šķīdums injekcijām pilnšļircē,Epoetinum alfa,Jā,Jā,S2,,,,,,
Epoetin alfa Hexal,EU/1/07/411/054,Šķīdums injekcijām pilnšļircē,Epoetinum alfa,Jā,Jā,S2,,,,,,
Epoetin alfa Hexal,EU/1/07/411/055,Šķīdums injekcijām pilnšļircē,Epoetinum alfa,Jā,Jā,S2,,,,,,
Abseamed,EU/1/07/412/001,Šķīdums injekcijām pilnšļircē,Epoetinum alfa,Jā,Jā,S2,,,,,,
Abseamed,EU/1/07/412/002,Šķīdums injekcijām pilnšļircē,Epoetinum alfa,Jā,Jā,S2,,,,,,
Abseamed,EU/1/07/412/003,Šķīdums injekcijām pilnšļircē,Epoetinum alfa,Jā,Jā,S2,,,,,,
Abseamed,EU/1/07/412/004,Šķīdums injekcijām pilnšļircē,Epoetinum alfa,Jā,Jā,S2,,,,,,
Abseamed,EU/1/07/412/005,Šķīdums injekcijām pilnšļircē,Epoetinum alfa,Jā,Jā,S2,,,,,,
Abseamed,EU/1/07/412/006,Šķīdums injekcijām pilnšļircē,Epoetinum alfa,Jā,Jā,S2,,,,,,
Abseamed,EU/1/07/412/007,Šķīdums injekcijām pilnšļircē,Epoetinum alfa,Jā,Jā,S2,,,,,,
Abseamed,EU/1/07/412/008,Šķīdums injekcijām pilnšļircē,Epoetinum alfa,Jā,Jā,S2,,,,,,
Abseamed,EU/1/07/412/009,Šķīdums injekcijām pilnšļircē,Epoetinum alfa,Jā,Jā,S2,,,,,,
Abseamed,EU/1/07/412/010,Šķīdums injekcijām pilnšļircē,Epoetinum alfa,Jā,Jā,S2,,,,,,
Abseamed,EU/1/07/412/011,Šķīdums injekcijām pilnšļircē,Epoetinum alfa,Jā,Jā,S2,,,,,,
Abseamed,EU/1/07/412/012,Šķīdums injekcijām pilnšļircē,Epoetinum alfa,Jā,Jā,S2,,,,,,
Abseamed,EU/1/07/412/013,Šķīdums injekcijām pilnšļircē,Epoetinum alfa,Jā,Jā,S2,,,,,,
Abseamed,EU/1/07/412/014,Šķīdums injekcijām pilnšļircē,Epoetinum alfa,Jā,Jā,S2,,,,,,
Abseamed,EU/1/07/412/015,Šķīdums injekcijām pilnšļircē,Epoetinum alfa,Jā,Jā,S2,,,,,,
Abseamed,EU/1/07/412/016,Šķīdums injekcijām pilnšļircē,Epoetinum alfa,Jā,Jā,S2,,,,,,
Abseamed,EU/1/07/412/017,Šķīdums injekcijām pilnšļircē,Epoetinum alfa,Jā,Jā,S2,,,,,,
Abseamed,EU/1/07/412/018,Šķīdums injekcijām pilnšļircē,Epoetinum alfa,Jā,Jā,S2,,,,,,
Abseamed,EU/1/07/412/019,Šķīdums injekcijām pilnšļircē,Epoetinum alfa,Jā,Jā,S2,,,,,,
Abseamed,EU/1/07/412/020,Šķīdums injekcijām pilnšļircē,Epoetinum alfa,Jā,Jā,S2,,,,,,
Abseamed,EU/1/07/412/021,Šķīdums injekcijām pilnšļircē,Epoetinum alfa,Jā,Jā,S2,,,,,,
Abseamed,EU/1/07/412/022,Šķīdums injekcijām pilnšļircē,Epoetinum alfa,Jā,Jā,S2,,,,,,
Abseamed,EU/1/07/412/023,Šķīdums injekcijām pilnšļircē,Epoetinum alfa,Jā,Jā,S2,,,,,,
Abseamed,EU/1/07/412/024,Šķīdums injekcijām pilnšļircē,Epoetinum alfa,Jā,Jā,S2,,,,,,
Abseamed,EU/1/07/412/025,Šķīdums injekcijām pilnšļircē,Epoetinum alfa,Jā,Jā,S2,,,,,,
Abseamed,EU/1/07/412/026,Šķīdums injekcijām pilnšļircē,Epoetinum alfa,Jā,Jā,S2,,,,,,
Abseamed,EU/1/07/412/027,Šķīdums injekcijām pilnšļircē,Epoetinum alfa,Jā,Jā,S2,,,,,,
Abseamed,EU/1/07/412/028,Šķīdums injekcijām pilnšļircē,Epoetinum alfa,Jā,Jā,S2,,,,,,
Abseamed,EU/1/07/412/029,Šķīdums injekcijām pilnšļircē,Epoetinum alfa,Jā,Jā,S2,,,,,,
Abseamed,EU/1/07/412/030,Šķīdums injekcijām pilnšļircē,Epoetinum alfa,Jā,Jā,S2,,,,,,
Abseamed,EU/1/07/412/031,Šķīdums injekcijām pilnšļircē,Epoetinum alfa,Jā,Jā,S2,,,,,,
Abseamed,EU/1/07/412/032,Šķīdums injekcijām pilnšļircē,Epoetinum alfa,Jā,Jā,S2,,,,,,
Abseamed,EU/1/07/412/033,Šķīdums injekcijām pilnšļircē,Epoetinum alfa,Jā,Jā,S2,,,,,,
Abseamed,EU/1/07/412/034,Šķīdums injekcijām pilnšļircē,Epoetinum alfa,Jā,Jā,S2,,,,,,
Abseamed,EU/1/07/412/035,Šķīdums injekcijām pilnšļircē,Epoetinum alfa,Jā,Jā,S2,,,,,,
Abseamed,EU/1/07/412/036,Šķīdums injekcijām pilnšļircē,Epoetinum alfa,Jā,Jā,S2,,,,,,
Abseamed,EU/1/07/412/037,Šķīdums injekcijām pilnšļircē,Epoetinum alfa,Jā,Jā,S2,,,,,,
Abseamed,EU/1/07/412/038,Šķīdums injekcijām pilnšļircē,Epoetinum alfa,Jā,Jā,S2,,,,,,
Abseamed,EU/1/07/412/039,Šķīdums injekcijām pilnšļircē,Epoetinum alfa,Jā,Jā,S2,,,,,,
Abseamed,EU/1/07/412/040,Šķīdums injekcijām pilnšļircē,Epoetinum alfa,Jā,Jā,S2,,,,,,
Abseamed,EU/1/07/412/041,Šķīdums injekcijām pilnšļircē,Epoetinum alfa,Jā,Jā,S2,,,,,,
Abseamed,EU/1/07/412/042,Šķīdums injekcijām pilnšļircē,Epoetinum alfa,Jā,Jā,S2,,,,,,
Abseamed,EU/1/07/412/043,Šķīdums injekcijām pilnšļircē,Epoetinum alfa,Jā,Jā,S2,,,,,,
Abseamed,EU/1/07/412/044,Šķīdums injekcijām pilnšļircē,Epoetinum alfa,Jā,Jā,S2,,,,,,
Abseamed,EU/1/07/412/045,Šķīdums injekcijām pilnšļircē,Epoetinum alfa,Jā,Jā,S2,,,,,,
Abseamed,EU/1/07/412/046,Šķīdums injekcijām pilnšļircē,Epoetinum alfa,Jā,Jā,S2,,,,,,
Abseamed,EU/1/07/412/047,Šķīdums injekcijām pilnšļircē,Epoetinum alfa,Jā,Jā,S2,,,,,,
Abseamed,EU/1/07/412/048,Šķīdums injekcijām pilnšļircē,Epoetinum alfa,Jā,Jā,S2,,,,,,
Abseamed,EU/1/07/412/049,Šķīdums injekcijām pilnšļircē,Epoetinum alfa,Jā,Jā,S2,,,,,,
Abseamed,EU/1/07/412/050,Šķīdums injekcijām pilnšļircē,Epoetinum alfa,Jā,Jā,S2,,,,,,
Abseamed,EU/1/07/412/051,Šķīdums injekcijām pilnšļircē,Epoetinum alfa,Jā,Jā,S2,,,,,,
Abseamed,EU/1/07/412/052,Šķīdums injekcijām pilnšļircē,Epoetinum alfa,Jā,Jā,S2,,,,,,
Abseamed,EU/1/07/412/053,Šķīdums injekcijām pilnšļircē,Epoetinum alfa,Jā,Jā,S2,,,,,,
Abseamed,EU/1/07/412/054,Šķīdums injekcijām pilnšļircē,Epoetinum alfa,Jā,Jā,S2,,,,,,
Abseamed,EU/1/07/412/055,Šķīdums injekcijām pilnšļircē,Epoetinum alfa,Jā,Jā,S2,,,,,,
Retacrit,EU/1/07/431/001,Šķīdums injekcijām,Epoetinum zeta,Jā,Jā,S2,,,,,,
Retacrit,EU/1/07/431/002,Šķīdums injekcijām,Epoetinum zeta,Jā,Jā,S2,,,,,,
Retacrit,EU/1/07/431/003,Šķīdums injekcijām,Epoetinum zeta,Jā,Jā,S2,,,,,,
Retacrit,EU/1/07/431/004,Šķīdums injekcijām,Epoetinum zeta,Jā,Jā,S2,,,,,,
Retacrit,EU/1/07/431/005,Šķīdums injekcijām,Epoetinum zeta,Jā,Jā,S2,,,,,,
Retacrit,EU/1/07/431/006,Šķīdums injekcijām,Epoetinum zeta,Jā,Jā,S2,,,,,,
Retacrit,EU/1/07/431/007,Šķīdums injekcijām,Epoetinum zeta,Jā,Jā,S2,,,,,,
Retacrit,EU/1/07/431/008,Šķīdums injekcijām,Epoetinum zeta,Jā,Jā,S2,,,,,,
Retacrit,EU/1/07/431/009,Šķīdums injekcijām,Epoetinum zeta,Jā,Jā,S2,,,,,,
Retacrit,EU/1/07/431/010,Šķīdums injekcijām,Epoetinum zeta,Jā,Jā,S2,,,,,,
Retacrit,EU/1/07/431/011,Šķīdums injekcijām,Epoetinum zeta,Jā,Jā,S2,,,,,,
Retacrit,EU/1/07/431/012,Šķīdums injekcijām,Epoetinum zeta,Jā,Jā,S2,,,,,,
Retacrit,EU/1/07/431/013,Šķīdums injekcijām,Epoetinum zeta,Jā,Jā,S2,,,,,,
Retacrit,EU/1/07/431/014,Šķīdums injekcijām,Epoetinum zeta,Jā,Jā,S2,,,,,,
Retacrit,EU/1/07/431/015,Šķīdums injekcijām,Epoetinum zeta,Jā,Jā,S2,,,,,,
Retacrit,EU/1/07/431/016,Šķīdums injekcijām,Epoetinum zeta,Jā,Jā,S2,,,,,,
Retacrit,EU/1/07/431/017,Šķīdums injekcijām,Epoetinum zeta,Jā,Jā,S2,,,,,,
Retacrit,EU/1/07/431/018,Šķīdums injekcijām,Epoetinum zeta,Jā,Jā,S2,,,,,,
Retacrit,EU/1/07/431/019,Šķīdums injekcijām,Epoetinum zeta,Jā,Jā,S2,,,,,,
Retacrit,EU/1/07/431/020,Šķīdums injekcijām,Epoetinum zeta,Jā,Jā,S2,,,,,,
Retacrit,EU/1/07/431/021,Šķīdums injekcijām,Epoetinum zeta,Jā,Jā,S2,,,,,,
Retacrit,EU/1/07/431/022,Šķīdums injekcijām,Epoetinum zeta,Jā,Jā,S2,,,,,,
Retacrit,EU/1/07/431/023,Šķīdums injekcijām,Epoetinum zeta,Jā,Jā,S2,,,,,,
Retacrit,EU/1/07/431/024,Šķīdums injekcijām,Epoetinum zeta,Jā,Jā,S2,,,,,,
Retacrit,EU/1/07/431/025,Šķīdums injekcijām,Epoetinum zeta,Jā,Jā,S2,,,,,,
Retacrit,EU/1/07/431/026,Šķīdums injekcijām,Epoetinum zeta,Jā,Jā,S2,,,,,,
Retacrit,EU/1/07/431/027,Šķīdums injekcijām,Epoetinum zeta,Jā,Jā,S2,,,,,,
Retacrit,EU/1/07/431/028,Šķīdums injekcijām,Epoetinum zeta,Jā,Jā,S2,,,,,,
Retacrit,EU/1/07/431/029,Šķīdums injekcijām,Epoetinum zeta,Jā,Jā,S2,,,,,,
Retacrit,EU/1/07/431/030,Šķīdums injekcijām,Epoetinum zeta,Jā,Jā,S2,,,,,,
Retacrit,EU/1/07/431/031,Šķīdums injekcijām,Epoetinum zeta,Jā,Jā,S2,,,,,,
Retacrit,EU/1/07/431/032,Šķīdums injekcijām,Epoetinum zeta,Jā,Jā,S2,,,,,,
Retacrit,EU/1/07/431/033,Šķīdums injekcijām,Epoetinum zeta,Jā,Jā,S2,,,,,,
Retacrit,EU/1/07/431/034,Šķīdums injekcijām,Epoetinum zeta,Jā,Jā,S2,,,,,,
Retacrit,EU/1/07/431/035,Šķīdums injekcijām,Epoetinum zeta,Jā,Jā,S2,,,,,,
Retacrit,EU/1/07/431/036,Šķīdums injekcijām,Epoetinum zeta,Jā,Jā,S2,,,,,,
Retacrit,EU/1/07/431/037,Šķīdums injekcijām,Epoetinum zeta,Jā,Jā,S2,,,,,,
Retacrit,EU/1/07/431/038,Šķīdums injekcijām,Epoetinum zeta,Jā,Jā,S2,,,,,,
Retacrit,EU/1/07/431/039,Šķīdums injekcijām,Epoetinum zeta,Jā,Jā,S2,,,,,,
Retacrit,EU/1/07/431/040,Šķīdums injekcijām,Epoetinum zeta,Jā,Jā,S2,,,,,,
Retacrit,EU/1/07/431/041,Šķīdums injekcijām,Epoetinum zeta,Jā,Jā,S2,,,,,,
Retacrit,EU/1/07/431/042,Šķīdums injekcijām,Epoetinum zeta,Jā,Jā,S2,,,,,,
Retacrit,EU/1/07/431/043,Šķīdums injekcijām,Epoetinum zeta,Jā,Jā,S2,,,,,,
Retacrit,EU/1/07/431/044,Šķīdums injekcijām,Epoetinum zeta,Jā,Jā,S2,,,,,,
Retacrit,EU/1/07/431/045,Šķīdums injekcijām,Epoetinum zeta,Jā,Jā,S2,,,,,,
Retacrit,EU/1/07/431/046,Šķīdums injekcijām,Epoetinum zeta,Jā,Jā,S2,,,,,,
Retacrit,EU/1/07/431/047,Šķīdums injekcijām,Epoetinum zeta,Jā,Jā,S2,,,,,,
Retacrit,EU/1/07/431/048,Šķīdums injekcijām,Epoetinum zeta,Jā,Jā,S2,,,,,,
Retacrit,EU/1/07/431/049,Šķīdums injekcijām,Epoetinum zeta,Jā,Jā,S2,,,,,,
Retacrit,EU/1/07/431/050,Šķīdums injekcijām,Epoetinum zeta,Jā,Jā,S2,,,,,,
Retacrit,EU/1/07/431/051,Šķīdums injekcijām,Epoetinum zeta,Jā,Jā,S2,,,,,,
Retacrit,EU/1/07/431/052,Šķīdums injekcijām,Epoetinum zeta,Jā,Jā,S2,,,,,,
Retacrit,EU/1/07/431/053,Šķīdums injekcijām,Epoetinum zeta,Jā,Jā,S2,,,,,,
Retacrit,EU/1/07/431/054,Šķīdums injekcijām,Epoetinum zeta,Jā,Jā,S2,,,,,,
Retacrit,EU/1/07/431/055,Šķīdums injekcijām,Epoetinum zeta,Jā,Jā,S2,,,,,,
Retacrit,EU/1/07/431/056,Šķīdums injekcijām,Epoetinum zeta,Jā,Jā,S2,,,,,,
Retacrit,EU/1/07/431/057,Šķīdums injekcijām,Epoetinum zeta,Jā,Jā,S2,,,,,,
Retacrit,EU/1/07/431/058,Šķīdums injekcijām,Epoetinum zeta,Jā,Jā,S2,,,,,,
Retacrit,EU/1/07/431/059,Šķīdums injekcijām,Epoetinum zeta,Jā,Jā,S2,,,,,,
Retacrit,EU/1/07/431/060,Šķīdums injekcijām,Epoetinum zeta,Jā,Jā,S2,,,,,,
Retacrit,EU/1/07/431/061,Šķīdums injekcijām,Epoetinum zeta,Jā,Jā,S2,,,,,,
Retacrit,EU/1/07/431/062,Šķīdums injekcijām,Epoetinum zeta,Jā,Jā,S2,,,,,,
Retacrit,EU/1/07/431/063,Šķīdums injekcijām,Epoetinum zeta,Jā,Jā,S2,,,,,,
Retacrit,EU/1/07/431/064,Šķīdums injekcijām,Epoetinum zeta,Jā,Jā,S2,,,,,,
Retacrit,EU/1/07/431/065,Šķīdums injekcijām,Epoetinum zeta,Jā,Jā,S2,,,,,,
Retacrit,EU/1/07/431/066,Šķīdums injekcijām,Epoetinum zeta,Jā,Jā,S2,,,,,,
Retacrit,EU/1/07/431/067,Šķīdums injekcijām,Epoetinum zeta,Jā,Jā,S2,,,,,,
Retacrit,EU/1/07/431/068,Šķīdums injekcijām,Epoetinum zeta,Jā,Jā,S2,,,,,,
Retacrit,EU/1/07/431/069,Šķīdums injekcijām,Epoetinum zeta,Jā,Jā,S2,,,,,,
Retacrit,EU/1/07/431/070,Šķīdums injekcijām,Epoetinum zeta,Jā,Jā,S2,,,,,,
Retacrit,EU/1/07/431/071,Šķīdums injekcijām,Epoetinum zeta,Jā,Jā,S2,,,,,,
Retacrit,EU/1/07/431/072,Šķīdums injekcijām,Epoetinum zeta,Jā,Jā,S2,,,,,,
Retacrit,EU/1/07/431/073,Šķīdums injekcijām,Epoetinum zeta,Jā,Jā,S2,,,,,,
Retacrit,EU/1/07/431/074,Šķīdums injekcijām,Epoetinum zeta,Jā,Jā,S2,,,,,,
Retacrit,EU/1/07/431/075,Šķīdums injekcijām,Epoetinum zeta,Jā,Jā,S2,,,,,,
Retacrit,EU/1/07/431/076,Šķīdums injekcijām,Epoetinum zeta,Jā,Jā,S2,,,,,,
Retacrit,EU/1/07/431/077,Šķīdums injekcijām,Epoetinum zeta,Jā,Jā,S2,,,,,,
Retacrit,EU/1/07/431/078,Šķīdums injekcijām,Epoetinum zeta,Jā,Jā,S2,,,,,,
Silapo,EU/1/07/432/001,Šķīdums injekcijām,Epoetinum zeta,Jā,Jā,S2,,,,,,
Silapo,EU/1/07/432/002,Šķīdums injekcijām,Epoetinum zeta,Jā,Jā,S2,,,,,,
Silapo,EU/1/07/432/003,Šķīdums injekcijām,Epoetinum zeta,Jā,Jā,S2,,,,,,
Silapo,EU/1/07/432/004,Šķīdums injekcijām,Epoetinum zeta,Jā,Jā,S2,,,,,,
Silapo,EU/1/07/432/005,Šķīdums injekcijām,Epoetinum zeta,Jā,Jā,S2,,,,,,
Silapo,EU/1/07/432/006,Šķīdums injekcijām,Epoetinum zeta,Jā,Jā,S2,,,,,,
Silapo,EU/1/07/432/007,Šķīdums injekcijām,Epoetinum zeta,Jā,Jā,S2,,,,,,
Silapo,EU/1/07/432/008,Šķīdums injekcijām,Epoetinum zeta,Jā,Jā,S2,,,,,,
Silapo,EU/1/07/432/009,Šķīdums injekcijām,Epoetinum zeta,Jā,Jā,S2,,,,,,
Silapo,EU/1/07/432/010,Šķīdums injekcijām,Epoetinum zeta,Jā,Jā,S2,,,,,,
Silapo,EU/1/07/432/011,Šķīdums injekcijām,Epoetinum zeta,Jā,Jā,S2,,,,,,
Silapo,EU/1/07/432/012,Šķīdums injekcijām,Epoetinum zeta,Jā,Jā,S2,,,,,,
Silapo,EU/1/07/432/013,Šķīdums injekcijām,Epoetinum zeta,Jā,Jā,S2,,,,,,
Silapo,EU/1/07/432/014,Šķīdums injekcijām,Epoetinum zeta,Jā,Jā,S2,,,,,,
Silapo,EU/1/07/432/015,Šķīdums injekcijām,Epoetinum zeta,Jā,Jā,S2,,,,,,
Silapo,EU/1/07/432/016,Šķīdums injekcijām,Epoetinum zeta,Jā,Jā,S2,,,,,,
Silapo,EU/1/07/432/017,Šķīdums injekcijām,Epoetinum zeta,Jā,Jā,S2,,,,,,
Silapo,EU/1/07/432/018,Šķīdums injekcijām,Epoetinum zeta,Jā,Jā,S2,,,,,,
Silapo,EU/1/07/432/019,Šķīdums injekcijām,Epoetinum zeta,Jā,Jā,S2,,,,,,
Silapo,EU/1/07/432/020,Šķīdums injekcijām,Epoetinum zeta,Jā,Jā,S2,,,,,,
Silapo,EU/1/07/432/021,Šķīdums injekcijām,Epoetinum zeta,Jā,Jā,S2,,,,,,
Silapo,EU/1/07/432/022,Šķīdums injekcijām,Epoetinum zeta,Jā,Jā,S2,,,,,,
Silapo,EU/1/07/432/023,Šķīdums injekcijām,Epoetinum zeta,Jā,Jā,S2,,,,,,
Silapo,EU/1/07/432/024,Šķīdums injekcijām,Epoetinum zeta,Jā,Jā,S2,,,,,,
Silapo,EU/1/07/432/025,Šķīdums injekcijām,Epoetinum zeta,Jā,Jā,S2,,,,,,
Silapo,EU/1/07/432/026,Šķīdums injekcijām,Epoetinum zeta,Jā,Jā,S2,,,,,,
Silapo,EU/1/07/432/027,Šķīdums injekcijām,Epoetinum zeta,Jā,Jā,S2,,,,,,
Silapo,EU/1/07/432/028,Šķīdums injekcijām,Epoetinum zeta,Jā,Jā,S2,,,,,,
Silapo,EU/1/07/432/029,Šķīdums injekcijām,Epoetinum zeta,Jā,Jā,S2,,,,,,
Silapo,EU/1/07/432/030,Šķīdums injekcijām,Epoetinum zeta,Jā,Jā,S2,,,,,,
Silapo,EU/1/07/432/031,Šķīdums injekcijām,Epoetinum zeta,Jā,Jā,S2,,,,,,
Silapo,EU/1/07/432/032,Šķīdums injekcijām,Epoetinum zeta,Jā,Jā,S2,,,,,,
Silapo,EU/1/07/432/033,Šķīdums injekcijām,Epoetinum zeta,Jā,Jā,S2,,,,,,
Silapo,EU/1/07/432/034,Šķīdums injekcijām,Epoetinum zeta,Jā,Jā,S2,,,,,,
Silapo,EU/1/07/432/035,Šķīdums injekcijām,Epoetinum zeta,Jā,Jā,S2,,,,,,
Silapo,EU/1/07/432/036,Šķīdums injekcijām,Epoetinum zeta,Jā,Jā,S2,,,,,,
Silapo,EU/1/07/432/037,Šķīdums injekcijām,Epoetinum zeta,Jā,Jā,S2,,,,,,
Silapo,EU/1/07/432/038,Šķīdums injekcijām,Epoetinum zeta,Jā,Jā,S2,,,,,,
Silapo,EU/1/07/432/039,Šķīdums injekcijām,Epoetinum zeta,Jā,Jā,S2,,,,,,
Silapo,EU/1/07/432/040,Šķīdums injekcijām,Epoetinum zeta,Jā,Jā,S2,,,,,,
Silapo,EU/1/07/432/041,Šķīdums injekcijām,Epoetinum zeta,Jā,Jā,S2,,,,,,
Silapo,EU/1/07/432/042,Šķīdums injekcijām,Epoetinum zeta,Jā,Jā,S2,,,,,,
Silapo,EU/1/07/432/043,Šķīdums injekcijām,Epoetinum zeta,Jā,Jā,S2,,,,,,
Silapo,EU/1/07/432/044,Šķīdums injekcijām,Epoetinum zeta,Jā,Jā,S2,,,,,,
Silapo,EU/1/07/432/045,Šķīdums injekcijām,Epoetinum zeta,Jā,Jā,S2,,,,,,
Silapo,EU/1/07/432/046,Šķīdums injekcijām,Epoetinum zeta,Jā,Jā,S2,,,,,,
Silapo,EU/1/07/432/047,Šķīdums injekcijām,Epoetinum zeta,Jā,Jā,S2,,,,,,
Biopoin,EU/1/09/565/001,Šķīdums injekcijām,Epoetinum theta,Jā,Jā,S2,,,,,,
Biopoin,EU/1/09/565/002,Šķīdums injekcijām,Epoetinum theta,Jā,Jā,S2,,,,,,
Biopoin,EU/1/09/565/003,Šķīdums injekcijām,Epoetinum theta,Jā,Jā,S2,,,,,,
Biopoin,EU/1/09/565/004,Šķīdums injekcijām,Epoetinum theta,Jā,Jā,S2,,,,,,
Biopoin,EU/1/09/565/005,Šķīdums injekcijām,Epoetinum theta,Jā,Jā,S2,,,,,,
Biopoin,EU/1/09/565/006,Šķīdums injekcijām,Epoetinum theta,Jā,Jā,S2,,,,,,
Biopoin,EU/1/09/565/007,Šķīdums injekcijām,Epoetinum theta,Jā,Jā,S2,,,,,,
Biopoin,EU/1/09/565/008,Šķīdums injekcijām,Epoetinum theta,Jā,Jā,S2,,,,,,
Biopoin,EU/1/09/565/009,Šķīdums injekcijām,Epoetinum theta,Jā,Jā,S2,,,,,,
Biopoin,EU/1/09/565/010,Šķīdums injekcijām,Epoetinum theta,Jā,Jā,S2,,,,,,
Biopoin,EU/1/09/565/011,Šķīdums injekcijām,Epoetinum theta,Jā,Jā,S2,,,,,,
Biopoin,EU/1/09/565/012,Šķīdums injekcijām,Epoetinum theta,Jā,Jā,S2,,,,,,
Biopoin,EU/1/09/565/013,Šķīdums injekcijām,Epoetinum theta,Jā,Jā,S2,,,,,,
Biopoin,EU/1/09/565/014,Šķīdums injekcijām,Epoetinum theta,Jā,Jā,S2,,,,,,
Biopoin,EU/1/09/565/015,Šķīdums injekcijām,Epoetinum theta,Jā,Jā,S2,,,,,,
Biopoin,EU/1/09/565/016,Šķīdums injekcijām,Epoetinum theta,Jā,Jā,S2,,,,,,
Biopoin,EU/1/09/565/017,Šķīdums injekcijām,Epoetinum theta,Jā,Jā,S2,,,,,,
Biopoin,EU/1/09/565/018,Šķīdums injekcijām,Epoetinum theta,Jā,Jā,S2,,,,,,
Biopoin,EU/1/09/565/019,Šķīdums injekcijām,Epoetinum theta,Jā,Jā,S2,,,,,,
Biopoin,EU/1/09/565/020,Šķīdums injekcijām,Epoetinum theta,Jā,Jā,S2,,,,,,
Biopoin,EU/1/09/565/021,Šķīdums injekcijām,Epoetinum theta,Jā,Jā,S2,,,,,,
Biopoin,EU/1/09/565/022,Šķīdums injekcijām,Epoetinum theta,Jā,Jā,S2,,,,,,
Biopoin,EU/1/09/565/023,Šķīdums injekcijām,Epoetinum theta,Jā,Jā,S2,,,,,,
Biopoin,EU/1/09/565/024,Šķīdums injekcijām,Epoetinum theta,Jā,Jā,S2,,,,,,
Biopoin,EU/1/09/565/025,Šķīdums injekcijām,Epoetinum theta,Jā,Jā,S2,,,,,,
Biopoin,EU/1/09/565/026,Šķīdums injekcijām,Epoetinum theta,Jā,Jā,S2,,,,,,
Biopoin,EU/1/09/565/027,Šķīdums injekcijām,Epoetinum theta,Jā,Jā,S2,,,,,,
Biopoin,EU/1/09/565/028,Šķīdums injekcijām,Epoetinum theta,Jā,Jā,S2,,,,,,
Biopoin,EU/1/09/565/029,Šķīdums injekcijām,Epoetinum theta,Jā,Jā,S2,,,,,,
Biopoin,EU/1/09/565/030,Šķīdums injekcijām,Epoetinum theta,Jā,Jā,S2,,,,,,
Biopoin,EU/1/09/565/031,Šķīdums injekcijām,Epoetinum theta,Jā,Jā,S2,,,,,,
Biopoin,EU/1/09/565/032,Šķīdums injekcijām,Epoetinum theta,Jā,Jā,S2,,,,,,
Biopoin,EU/1/09/565/033,Šķīdums injekcijām,Epoetinum theta,Jā,Jā,S2,,,,,,
Biopoin,EU/1/09/565/034,Šķīdums injekcijām,Epoetinum theta,Jā,Jā,S2,,,,,,
Biopoin,EU/1/09/565/035,Šķīdums injekcijām,Epoetinum theta,Jā,Jā,S2,,,,,,
Biopoin,EU/1/09/565/036,Šķīdums injekcijām,Epoetinum theta,Jā,Jā,S2,,,,,,
Biopoin,EU/1/09/565/037,Šķīdums injekcijām,Epoetinum theta,Jā,Jā,S2,,,,,,
Biopoin,EU/1/09/565/038,Šķīdums injekcijām,Epoetinum theta,Jā,Jā,S2,,,,,,
Biopoin,EU/1/09/565/039,Šķīdums injekcijām,Epoetinum theta,Jā,Jā,S2,,,,,,
Biopoin,EU/1/09/565/040,Šķīdums injekcijām,Epoetinum theta,Jā,Jā,S2,,,,,,
Biopoin,EU/1/09/565/041,Šķīdums injekcijām,Epoetinum theta,Jā,Jā,S2,,,,,,
Biopoin,EU/1/09/565/042,Šķīdums injekcijām,Epoetinum theta,Jā,Jā,S2,,,,,,
Eporatio,EU/1/09/573/001,Šķīdums injekcijām,Epoetinum theta,Jā,Jā,S2,,,,,,
Eporatio,EU/1/09/573/002,Šķīdums injekcijām,Epoetinum theta,Jā,Jā,S2,,,,,,
Eporatio,EU/1/09/573/003,Šķīdums injekcijām,Epoetinum theta,Jā,Jā,S2,,,,,,
Eporatio,EU/1/09/573/004,Šķīdums injekcijām,Epoetinum theta,Jā,Jā,S2,,,,,,
Eporatio,EU/1/09/573/005,Šķīdums injekcijām,Epoetinum theta,Jā,Jā,S2,,,,,,
Eporatio,EU/1/09/573/006,Šķīdums injekcijām,Epoetinum theta,Jā,Jā,S2,,,,,,
Eporatio,EU/1/09/573/007,Šķīdums injekcijām,Epoetinum theta,Jā,Jā,S2,,,,,,
Eporatio,EU/1/09/573/008,Šķīdums injekcijām,Epoetinum theta,Jā,Jā,S2,,,,,,
Eporatio,EU/1/09/573/009,Šķīdums injekcijām,Epoetinum theta,Jā,Jā,S2,,,,,,
Eporatio,EU/1/09/573/010,Šķīdums injekcijām,Epoetinum theta,Jā,Jā,S2,,,,,,
Eporatio,EU/1/09/573/011,Šķīdums injekcijām,Epoetinum theta,Jā,Jā,S2,,,,,,
Eporatio,EU/1/09/573/012,Šķīdums injekcijām,Epoetinum theta,Jā,Jā,S2,,,,,,
Eporatio,EU/1/09/573/013,Šķīdums injekcijām,Epoetinum theta,Jā,Jā,S2,,,,,,
Eporatio,EU/1/09/573/014,Šķīdums injekcijām,Epoetinum theta,Jā,Jā,S2,,,,,,
Eporatio,EU/1/09/573/015,Šķīdums injekcijām,Epoetinum theta,Jā,Jā,S2,,,,,,
Eporatio,EU/1/09/573/016,Šķīdums injekcijām,Epoetinum theta,Jā,Jā,S2,,,,,,
Eporatio,EU/1/09/573/017,Šķīdums injekcijām,Epoetinum theta,Jā,Jā,S2,,,,,,
Eporatio,EU/1/09/573/018,Šķīdums injekcijām,Epoetinum theta,Jā,Jā,S2,,,,,,
Eporatio,EU/1/09/573/019,Šķīdums injekcijām,Epoetinum theta,Jā,Jā,S2,,,,,,
Eporatio,EU/1/09/573/020,Šķīdums injekcijām,Epoetinum theta,Jā,Jā,S2,,,,,,
Eporatio,EU/1/09/573/021,Šķīdums injekcijām,Epoetinum theta,Jā,Jā,S2,,,,,,
Eporatio,EU/1/09/573/022,Šķīdums injekcijām,Epoetinum theta,Jā,Jā,S2,,,,,,
Eporatio,EU/1/09/573/023,Šķīdums injekcijām,Epoetinum theta,Jā,Jā,S2,,,,,,
Eporatio,EU/1/09/573/024,Šķīdums injekcijām,Epoetinum theta,Jā,Jā,S2,,,,,,
Eporatio,EU/1/09/573/025,Šķīdums injekcijām,Epoetinum theta,Jā,Jā,S2,,,,,,
Eporatio,EU/1/09/573/026,Šķīdums injekcijām,Epoetinum theta,Jā,Jā,S2,,,,,,
Eporatio,EU/1/09/573/027,Šķīdums injekcijām,Epoetinum theta,Jā,Jā,S2,,,,,,
Eporatio,EU/1/09/573/028,Šķīdums injekcijām,Epoetinum theta,Jā,Jā,S2,,,,,,
Eporatio,EU/1/09/573/029,Šķīdums injekcijām,Epoetinum theta,Jā,Jā,S2,,,,,,
Eporatio,EU/1/09/573/030,Šķīdums injekcijām,Epoetinum theta,Jā,Jā,S2,,,,,,
Eporatio,EU/1/09/573/031,Šķīdums injekcijām,Epoetinum theta,Jā,Jā,S2,,,,,,
Eporatio,EU/1/09/573/032,Šķīdums injekcijām,Epoetinum theta,Jā,Jā,S2,,,,,,
Eporatio,EU/1/09/573/033,Šķīdums injekcijām,Epoetinum theta,Jā,Jā,S2,,,,,,
Eporatio,EU/1/09/573/034,Šķīdums injekcijām,Epoetinum theta,Jā,Jā,S2,,,,,,
Eporatio,EU/1/09/573/035,Šķīdums injekcijām,Epoetinum theta,Jā,Jā,S2,,,,,,
Eporatio,EU/1/09/573/036,Šķīdums injekcijām,Epoetinum theta,Jā,Jā,S2,,,,,,
Eporatio,EU/1/09/573/037,Šķīdums injekcijām,Epoetinum theta,Jā,Jā,S2,,,,,,
Eporatio,EU/1/09/573/038,Šķīdums injekcijām,Epoetinum theta,Jā,Jā,S2,,,,,,
Eporatio,EU/1/09/573/039,Šķīdums injekcijām,Epoetinum theta,Jā,Jā,S2,,,,,,
Eporatio,EU/1/09/573/040,Šķīdums injekcijām,Epoetinum theta,Jā,Jā,S2,,,,,,
Eporatio,EU/1/09/573/041,Šķīdums injekcijām,Epoetinum theta,Jā,Jā,S2,,,,,,
Eporatio,EU/1/09/573/042,Šķīdums injekcijām,Epoetinum theta,Jā,Jā,S2,,,,,,
Somatropin Biopartners,EU/1/13/849/001,Pulveris un šķīdinātājs ilgstošas darbības injekciju suspensijas pagatavošanai,Somatropinum,Jā,Jā,S2,,,,,,
Somatropin Biopartners,EU/1/13/849/002,Pulveris un šķīdinātājs ilgstošas darbības injekciju suspensijas pagatavošanai,Somatropinum,Jā,Jā,S2,,,,,,
Somatropin Biopartners,EU/1/13/849/003,Pulveris un šķīdinātājs ilgstošas darbības injekciju suspensijas pagatavošanai,Somatropinum,Jā,Jā,S2,,,,,,
Somatropin Biopartners,EU/1/13/849/004,Pulveris un šķīdinātājs ilgstošas darbības injekciju suspensijas pagatavošanai,Somatropinum,Jā,Jā,S2,,,,,,
Somatropin Biopartners,EU/1/13/849/005,Pulveris un šķīdinātājs ilgstošas darbības injekciju suspensijas pagatavošanai,Somatropinum,Jā,Jā,S2,,,,,,
Somatropin Biopartners,EU/1/13/849/006,Pulveris un šķīdinātājs ilgstošas darbības injekciju suspensijas pagatavošanai,Somatropinum,Jā,Jā,S2,,,,,,
Somatropin Biopartners,EU/1/13/849/007,Pulveris un šķīdinātājs ilgstošas darbības injekciju suspensijas pagatavošanai,Somatropinum,Jā,Jā,S2,,,,,,
Macimorelin Aeterna Zentaris,EU/1/18/1337/001,Granulas iekšķīgi lietojama šķīduma pagatavošanai,Macimorelinum,Jā,Jā,S2,,,,,,
Reblozyl,EU/1/20/1452/001,Pulveris injekciju šķīduma pagatavošanai,Luspaterceptum,Jā,Jā,S2,,,,,,
Reblozyl,EU/1/20/1452/002,Pulveris injekciju šķīduma pagatavošanai,Luspaterceptum,Jā,Jā,S2,,,,,,
Sogroya,EU/1/20/1501/001,Šķīdums injekcijām,Somapacitanum,Jā,Jā,S2,,,,,,
Sogroya,EU/1/20/1501/002,Šķīdums injekcijām,Somapacitanum,Jā,Jā,S2,,,,,,
Evrenzo,EU/1/21/1574/001,Apvalkotā tablete,Roxadustatum,Jā,Jā,S2,,,,,,
Evrenzo,EU/1/21/1574/002,Apvalkotā tablete,Roxadustatum,Jā,Jā,S2,,,,,,
Evrenzo,EU/1/21/1574/003,Apvalkotā tablete,Roxadustatum,Jā,Jā,S2,,,,,,
Evrenzo,EU/1/21/1574/004,Apvalkotā tablete,Roxadustatum,Jā,Jā,S2,,,,,,
Evrenzo,EU/1/21/1574/005,Apvalkotā tablete,Roxadustatum,Jā,Jā,S2,,,,,,
Lonapegsomatropin Ascendis Pharma,EU/1/21/1607/001,Pulveris un šķīdinātājs injekciju šķīduma pagatavošanai,Lonapegsomatropinum,Jā,Jā,S2,,,,,,
Lonapegsomatropin Ascendis Pharma,EU/1/21/1607/002,Pulveris un šķīdinātājs injekciju šķīduma pagatavošanai,Lonapegsomatropinum,Jā,Jā,S2,,,,,,
Lonapegsomatropin Ascendis Pharma,EU/1/21/1607/003,Pulveris un šķīdinātājs injekciju šķīduma pagatavošanai,Lonapegsomatropinum,Jā,Jā,S2,,,,,,
Lonapegsomatropin Ascendis Pharma,EU/1/21/1607/004,Pulveris un šķīdinātājs injekciju šķīduma pagatavošanai,Lonapegsomatropinum,Jā,Jā,S2,,,,,,
Lonapegsomatropin Ascendis Pharma,EU/1/21/1607/005,Pulveris un šķīdinātājs injekciju šķīduma pagatavošanai,Lonapegsomatropinum,Jā,Jā,S2,,,,,,
Lonapegsomatropin Ascendis Pharma,EU/1/21/1607/006,Pulveris un šķīdinātājs injekciju šķīduma pagatavošanai,Lonapegsomatropinum,Jā,Jā,S2,,,,,,
Lonapegsomatropin Ascendis Pharma,EU/1/21/1607/007,Pulveris un šķīdinātājs injekciju šķīduma pagatavošanai,Lonapegsomatropinum,Jā,Jā,S2,,,,,,
Lonapegsomatropin Ascendis Pharma,EU/1/21/1607/008,Pulveris un šķīdinātājs injekciju šķīduma pagatavošanai,Lonapegsomatropinum,Jā,Jā,S2,,,,,,
Lonapegsomatropin Ascendis Pharma,EU/1/21/1607/009,Pulveris un šķīdinātājs injekciju šķīduma pagatavošanai,Lonapegsomatropinum,Jā,Jā,S2,,,,,,
Ngenla,EU/1/21/1617/001,Šķīdums injekcijām,Somatrogon,Jā,Jā,S2,,,,,,
Ngenla,EU/1/21/1617/002,Šķīdums injekcijām,Somatrogon,Jā,Jā,S2,,,,,,
NeoRecormon,EU/1/97/031/019,Pulveris un šķīdinātājs injekciju šķīduma pagatavošanai,Epoetinum beta,Jā,Jā,S2,,,,,,
NeoRecormon,EU/1/97/031/025,Šķīdums injekcijām,Epoetinum beta,Jā,Jā,S2,,,,,,
NeoRecormon,EU/1/97/031/026,Šķīdums injekcijām,Epoetinum beta,Jā,Jā,S2,,,,,,
NeoRecormon,EU/1/97/031/029,Šķīdums injekcijām,Epoetinum beta,Jā,Jā,S2,,,,,,
NeoRecormon,EU/1/97/031/030,Šķīdums injekcijām,Epoetinum beta,Jā,Jā,S2,,,,,,
NeoRecormon,EU/1/97/031/031,Šķīdums injekcijām,Epoetinum beta,Jā,Jā,S2,,,,,,
NeoRecormon,EU/1/97/031/032,Šķīdums injekcijām,Epoetinum beta,Jā,Jā,S2,,,,,,
NeoRecormon,EU/1/97/031/033,Šķīdums injekcijām,Epoetinum beta,Jā,Jā,S2,,,,,,
NeoRecormon,EU/1/97/031/034,Šķīdums injekcijām,Epoetinum beta,Jā,Jā,S2,,,,,,
NeoRecormon,EU/1/97/031/035,Šķīdums injekcijām,Epoetinum beta,Jā,Jā,S2,,,,,,
NeoRecormon,EU/1/97/031/036,Šķīdums injekcijām,Epoetinum beta,Jā,Jā,S2,,,,,,
NeoRecormon,EU/1/97/031/037,Šķīdums injekcijām,Epoetinum beta,Jā,Jā,S2,,,,,,
NeoRecormon,EU/1/97/031/038,Šķīdums injekcijām,Epoetinum beta,Jā,Jā,S2,,,,,,
NeoRecormon,EU/1/97/031/041,Šķīdums injekcijām,Epoetinum beta,Jā,Jā,S2,,,,,,
NeoRecormon,EU/1/97/031/042,Šķīdums injekcijām,Epoetinum beta,Jā,Jā,S2,,,,,,
NeoRecormon,EU/1/97/031/043,Šķīdums injekcijām,Epoetinum beta,Jā,Jā,S2,,,,,,
NeoRecormon,EU/1/97/031/044,Šķīdums injekcijām,Epoetinum beta,Jā,Jā,S2,,,,,,
NeoRecormon,EU/1/97/031/045,Šķīdums injekcijām,Epoetinum beta,Jā,Jā,S2,,,,,,
NeoRecormon,EU/1/97/031/046,Šķīdums injekcijām,Epoetinum beta,Jā,Jā,S2,,,,,,
"Eprex 6000 SV/0,6 ml šķīdums injekcijām pilnšļircēs",I000120,Šķīdums injekcijām pilnšļircē,Epoetinum alfa,Jā,Jā,S2,,,,,,
"Berotec N 100 mikrogrami/devā aerosols inhalācijām, zem spiediena, šķīdums",00-0611,"Aerosols inhalācijām, zem spiediena, šķīdums",Fenoteroli hydrobromidum,Jā,Jā,S3,,,,,,
"Berodual N 20/50 mikrogrami/devā aerosols inhalācijām, zem spiediena, šķīdums",01-0176,"Aerosols inhalācijām, zem spiediena, šķīdums","Ipratropii bromidum, Fenoteroli hydrobromidum",Jā,Jā,S3,,,,,,
"Striverdi Respimat 2,5 mikrogrami inhalācijas šķīdums",13-0232,Inhalācijas šķīdums,Olodaterolum,Jā,Jā,S3,,,,,,
"Yanimo Respimat 2,5 mikrogrami/2,5 mikrogrami šķīdums inhalācijām",15-0151,Inhalācijas šķīdums,"Tiotropium, Olodaterolum",Jā,Jā,S3,,,,,,
"Spiolto Respimat 2,5 mikrogrami/2,5 mikrogrami šķīdums inhalācijām",15-0152,Inhalācijas šķīdums,"Tiotropium, Olodaterolum",Jā,Jā,S3,,,,,,
Ventolin 2 mg/5 ml sīrups,99-1045,Sīrups,Salbutamolum,Jā,Jā,S3,,,,,,
Oslif Breezhaler,EU/1/09/586/001,Inhalācijas pulveris cietā kapsulā,Indacaterolum,Jā,Jā,S3,,,,,,
Oslif Breezhaler,EU/1/09/586/002,Inhalācijas pulveris cietā kapsulā,Indacaterolum,Jā,Jā,S3,,,,,,
Oslif Breezhaler,EU/1/09/586/003,Inhalācijas pulveris cietā kapsulā,Indacaterolum,Jā,Jā,S3,,,,,,
Oslif Breezhaler,EU/1/09/586/004,Inhalācijas pulveris cietā kapsulā,Indacaterolum,Jā,Jā,S3,,,,,,
Oslif Breezhaler,EU/1/09/586/005,Inhalācijas pulveris cietā kapsulā,Indacaterolum,Jā,Jā,S3,,,,,,
Oslif Breezhaler,EU/1/09/586/006,Inhalācijas pulveris cietā kapsulā,Indacaterolum,Jā,Jā,S3,,,,,,
Oslif Breezhaler,EU/1/09/586/007,Inhalācijas pulveris cietā kapsulā,Indacaterolum,Jā,Jā,S3,,,,,,
Oslif Breezhaler,EU/1/09/586/008,Inhalācijas pulveris cietā kapsulā,Indacaterolum,Jā,Jā,S3,,,,,,
Oslif Breezhaler,EU/1/09/586/009,Inhalācijas pulveris cietā kapsulā,Indacaterolum,Jā,Jā,S3,,,,,,
Oslif Breezhaler,EU/1/09/586/010,Inhalācijas pulveris cietā kapsulā,Indacaterolum,Jā,Jā,S3,,,,,,
Onbrez Breezhaler,EU/1/09/593/001,Inhalācijas pulveris cietā kapsulā,Indacaterolum,Jā,Jā,S3,,,,,,
Onbrez Breezhaler,EU/1/09/593/002,Inhalācijas pulveris cietā kapsulā,Indacaterolum,Jā,Jā,S3,,,,,,
Onbrez Breezhaler,EU/1/09/593/003,Inhalācijas pulveris cietā kapsulā,Indacaterolum,Jā,Jā,S3,,,,,,
Onbrez Breezhaler,EU/1/09/593/004,Inhalācijas pulveris cietā kapsulā,Indacaterolum,Jā,Jā,S3,,,,,,
Onbrez Breezhaler,EU/1/09/593/005,Inhalācijas pulveris cietā kapsulā,Indacaterolum,Jā,Jā,S3,,,,,,
Onbrez Breezhaler,EU/1/09/593/006,Inhalācijas pulveris cietā kapsulā,Indacaterolum,Jā,Jā,S3,,,,,,
Onbrez Breezhaler,EU/1/09/593/007,Inhalācijas pulveris cietā kapsulā,Indacaterolum,Jā,Jā,S3,,,,,,
Onbrez Breezhaler,EU/1/09/593/008,Inhalācijas pulveris cietā kapsulā,Indacaterolum,Jā,Jā,S3,,,,,,
Onbrez Breezhaler,EU/1/09/593/009,Inhalācijas pulveris cietā kapsulā,Indacaterolum,Jā,Jā,S3,,,,,,
Onbrez Breezhaler,EU/1/09/593/010,Inhalācijas pulveris cietā kapsulā,Indacaterolum,Jā,Jā,S3,,,,,,
Hirobriz Breezhaler,EU/1/09/594/001,Inhalācijas pulveris cietā kapsulā,Indacaterolum,Jā,Jā,S3,,,,,,
Hirobriz Breezhaler,EU/1/09/594/002,Inhalācijas pulveris cietā kapsulā,Indacaterolum,Jā,Jā,S3,,,,,,
Hirobriz Breezhaler,EU/1/09/594/003,Inhalācijas pulveris cietā kapsulā,Indacaterolum,Jā,Jā,S3,,,,,,
Hirobriz Breezhaler,EU/1/09/594/004,Inhalācijas pulveris cietā kapsulā,Indacaterolum,Jā,Jā,S3,,,,,,
Hirobriz Breezhaler,EU/1/09/594/005,Inhalācijas pulveris cietā kapsulā,Indacaterolum,Jā,Jā,S3,,,,,,
Hirobriz Breezhaler,EU/1/09/594/006,Inhalācijas pulveris cietā kapsulā,Indacaterolum,Jā,Jā,S3,,,,,,
Hirobriz Breezhaler,EU/1/09/594/007,Inhalācijas pulveris cietā kapsulā,Indacaterolum,Jā,Jā,S3,,,,,,
Hirobriz Breezhaler,EU/1/09/594/008,Inhalācijas pulveris cietā kapsulā,Indacaterolum,Jā,Jā,S3,,,,,,
Hirobriz Breezhaler,EU/1/09/594/009,Inhalācijas pulveris cietā kapsulā,Indacaterolum,Jā,Jā,S3,,,,,,
Hirobriz Breezhaler,EU/1/09/594/010,Inhalācijas pulveris cietā kapsulā,Indacaterolum,Jā,Jā,S3,,,,,,
Ultibro Breezhaler,EU/1/13/862/001,Inhalācijas pulveris cietā kapsulā,"Indacaterolum, Glycopyrronii bromidum",Jā,Jā,S3,,,,,,
Ultibro Breezhaler,EU/1/13/862/002,Inhalācijas pulveris cietā kapsulā,"Indacaterolum, Glycopyrronii bromidum",Jā,Jā,S3,,,,,,
Ultibro Breezhaler,EU/1/13/862/003,Inhalācijas pulveris cietā kapsulā,"Indacaterolum, Glycopyrronii bromidum",Jā,Jā,S3,,,,,,
Ultibro Breezhaler,EU/1/13/862/004,Inhalācijas pulveris cietā kapsulā,"Indacaterolum, Glycopyrronii bromidum",Jā,Jā,S3,,,,,,
Ultibro Breezhaler,EU/1/13/862/005,Inhalācijas pulveris cietā kapsulā,"Indacaterolum, Glycopyrronii bromidum",Jā,Jā,S3,,,,,,
Ultibro Breezhaler,EU/1/13/862/006,Inhalācijas pulveris cietā kapsulā,"Indacaterolum, Glycopyrronii bromidum",Jā,Jā,S3,,,,,,
Ultibro Breezhaler,EU/1/13/862/007,Inhalācijas pulveris cietā kapsulā,"Indacaterolum, Glycopyrronii bromidum",Jā,Jā,S3,,,,,,
Ultibro Breezhaler,EU/1/13/862/008,Inhalācijas pulveris cietā kapsulā,"Indacaterolum, Glycopyrronii bromidum",Jā,Jā,S3,,,,,,
Xoterna Breezhaler,EU/1/13/863/001,Inhalācijas pulveris cietā kapsulā,"Indacaterolum, Glycopyrronii bromidum",Jā,Jā,S3,,,,,,
Xoterna Breezhaler,EU/1/13/863/002,Inhalācijas pulveris cietā kapsulā,"Indacaterolum, Glycopyrronii bromidum",Jā,Jā,S3,,,,,,
Xoterna Breezhaler,EU/1/13/863/003,Inhalācijas pulveris cietā kapsulā,"Indacaterolum, Glycopyrronii bromidum",Jā,Jā,S3,,,,,,
Xoterna Breezhaler,EU/1/13/863/004,Inhalācijas pulveris cietā kapsulā,"Indacaterolum, Glycopyrronii bromidum",Jā,Jā,S3,,,,,,
Xoterna Breezhaler,EU/1/13/863/005,Inhalācijas pulveris cietā kapsulā,"Indacaterolum, Glycopyrronii bromidum",Jā,Jā,S3,,,,,,
Xoterna Breezhaler,EU/1/13/863/006,Inhalācijas pulveris cietā kapsulā,"Indacaterolum, Glycopyrronii bromidum",Jā,Jā,S3,,,,,,
Xoterna Breezhaler,EU/1/13/863/007,Inhalācijas pulveris cietā kapsulā,"Indacaterolum, Glycopyrronii bromidum",Jā,Jā,S3,,,,,,
Xoterna Breezhaler,EU/1/13/863/008,Inhalācijas pulveris cietā kapsulā,"Indacaterolum, Glycopyrronii bromidum",Jā,Jā,S3,,,,,,
Ulunar Breezhaler,EU/1/14/917/001,Inhalācijas pulveris cietā kapsulā,"Indacaterolum, Glycopyrronii bromidum",Jā,Jā,S3,,,,,,
Ulunar Breezhaler,EU/1/14/917/002,Inhalācijas pulveris cietā kapsulā,"Indacaterolum, Glycopyrronii bromidum",Jā,Jā,S3,,,,,,
Ulunar Breezhaler,EU/1/14/917/003,Inhalācijas pulveris cietā kapsulā,"Indacaterolum, Glycopyrronii bromidum",Jā,Jā,S3,,,,,,
Ulunar Breezhaler,EU/1/14/917/004,Inhalācijas pulveris cietā kapsulā,"Indacaterolum, Glycopyrronii bromidum",Jā,Jā,S3,,,,,,
Ulunar Breezhaler,EU/1/14/917/005,Inhalācijas pulveris cietā kapsulā,"Indacaterolum, Glycopyrronii bromidum",Jā,Jā,S3,,,,,,
Ulunar Breezhaler,EU/1/14/917/006,Inhalācijas pulveris cietā kapsulā,"Indacaterolum, Glycopyrronii bromidum",Jā,Jā,S3,,,,,,
Ulunar Breezhaler,EU/1/14/917/007,Inhalācijas pulveris cietā kapsulā,"Indacaterolum, Glycopyrronii bromidum",Jā,Jā,S3,,,,,,
Ulunar Breezhaler,EU/1/14/917/008,Inhalācijas pulveris cietā kapsulā,"Indacaterolum, Glycopyrronii bromidum",Jā,Jā,S3,,,,,,
Ventolin sīrups,I000508,Sīrups,Salbutamolum,Jā,Jā,S3,,,,,,
Ventolin sīrups,I000903,Sīrups,Salbutamolum,Jā,Jā,S3,,,,,,
Enerzair Breezhaler,EU/1/20/1438/001,"Inhalācijas pulveris, cietā kapsula","Indacaterolum, Glycopyrronium, Mometasoni furoas",Jā,Jā,"S3, S9","Visi glikokortikoīdi ir aizliegti sacensību laikā, ja tos lieto orālā (ieskaitot oromukozālā), injicējamā vai rektālā ievadīšanas ceļā",,,"All glucocorticoids are prohibited In-Competition when administered by oral (including oromucosal), injectable or rectal routes",,
Enerzair Breezhaler,EU/1/20/1438/002,"Inhalācijas pulveris, cietā kapsula","Indacaterolum, Glycopyrronium, Mometasoni furoas",Jā,Jā,"S3, S9","Visi glikokortikoīdi ir aizliegti sacensību laikā, ja tos lieto orālā (ieskaitot oromukozālā), injicējamā vai rektālā ievadīšanas ceļā",,,"All glucocorticoids are prohibited In-Competition when administered by oral (including oromucosal), injectable or rectal routes",,
Enerzair Breezhaler,EU/1/20/1438/003,"Inhalācijas pulveris, cietā kapsula","Indacaterolum, Glycopyrronium, Mometasoni furoas",Jā,Jā,"S3, S9","Visi glikokortikoīdi ir aizliegti sacensību laikā, ja tos lieto orālā (ieskaitot oromukozālā), injicējamā vai rektālā ievadīšanas ceļā",,,"All glucocorticoids are prohibited In-Competition when administered by oral (including oromucosal), injectable or rectal routes",,
Enerzair Breezhaler,EU/1/20/1438/004,"Inhalācijas pulveris, cietā kapsula","Indacaterolum, Glycopyrronium, Mometasoni furoas",Jā,Jā,"S3, S9","Visi glikokortikoīdi ir aizliegti sacensību laikā, ja tos lieto orālā (ieskaitot oromukozālā), injicējamā vai rektālā ievadīšanas ceļā",,,"All glucocorticoids are prohibited In-Competition when administered by oral (including oromucosal), injectable or rectal routes",,
Enerzair Breezhaler,EU/1/20/1438/005,"Inhalācijas pulveris, cietā kapsula","Indacaterolum, Glycopyrronium, Mometasoni furoas",Jā,Jā,"S3, S9","Visi glikokortikoīdi ir aizliegti sacensību laikā, ja tos lieto orālā (ieskaitot oromukozālā), injicējamā vai rektālā ievadīšanas ceļā",,,"All glucocorticoids are prohibited In-Competition when administered by oral (including oromucosal), injectable or rectal routes",,
Atectura Breezhaler,EU/1/20/1439/001,"Inhalācijas pulveris, cietā kapsula","Indacaterolum, Mometasoni furoas",Jā,Jā,"S3, S9",,,,,,
Atectura Breezhaler,EU/1/20/1439/002,"Inhalācijas pulveris, cietā kapsula","Indacaterolum, Mometasoni furoas",Jā,Jā,"S3, S9",,,,,,
Atectura Breezhaler,EU/1/20/1439/003,"Inhalācijas pulveris, cietā kapsula","Indacaterolum, Mometasoni furoas",Jā,Jā,"S3, S9",,,,,,
Atectura Breezhaler,EU/1/20/1439/004,"Inhalācijas pulveris, cietā kapsula","Indacaterolum, Mometasoni furoas",Jā,Jā,"S3, S9",,,,,,
Atectura Breezhaler,EU/1/20/1439/005,"Inhalācijas pulveris, cietā kapsula","Indacaterolum, Mometasoni furoas",Jā,Jā,"S3, S9",,,,,,
Atectura Breezhaler,EU/1/20/1439/006,"Inhalācijas pulveris, cietā kapsula","Indacaterolum, Mometasoni furoas",Jā,Jā,"S3, S9",,,,,,
Atectura Breezhaler,EU/1/20/1439/007,"Inhalācijas pulveris, cietā kapsula","Indacaterolum, Mometasoni furoas",Jā,Jā,"S3, S9",,,,,,
Atectura Breezhaler,EU/1/20/1439/008,"Inhalācijas pulveris, cietā kapsula","Indacaterolum, Mometasoni furoas",Jā,Jā,"S3, S9",,,,,,
Atectura Breezhaler,EU/1/20/1439/009,"Inhalācijas pulveris, cietā kapsula","Indacaterolum, Mometasoni furoas",Jā,Jā,"S3, S9",,,,,,
Atectura Breezhaler,EU/1/20/1439/010,"Inhalācijas pulveris, cietā kapsula","Indacaterolum, Mometasoni furoas",Jā,Jā,"S3, S9",,,,,,
Atectura Breezhaler,EU/1/20/1439/011,"Inhalācijas pulveris, cietā kapsula","Indacaterolum, Mometasoni furoas",Jā,Jā,"S3, S9",,,,,,
Atectura Breezhaler,EU/1/20/1439/012,"Inhalācijas pulveris, cietā kapsula","Indacaterolum, Mometasoni furoas",Jā,Jā,"S3, S9",,,,,,
Zimbus Breezhaler,EU/1/20/1440/001,"Inhalācijas pulveris, cietā kapsula","Indacaterolum, Glycopyrronium, Mometasoni furoas",Jā,Jā,"S3, S9","Visi glikokortikoīdi ir aizliegti sacensību laikā, ja tos lieto orālā (ieskaitot oromukozālā), injicējamā vai rektālā ievadīšanas ceļā",,,"All glucocorticoids are prohibited In-Competition when administered by oral (including oromucosal), injectable or rectal routes",,
Zimbus Breezhaler,EU/1/20/1440/002,"Inhalācijas pulveris, cietā kapsula","Indacaterolum, Glycopyrronium, Mometasoni furoas",Jā,Jā,"S3, S9","Visi glikokortikoīdi ir aizliegti sacensību laikā, ja tos lieto orālā (ieskaitot oromukozālā), injicējamā vai rektālā ievadīšanas ceļā",,,"All glucocorticoids are prohibited In-Competition when administered by oral (including oromucosal), injectable or rectal routes",,
Zimbus Breezhaler,EU/1/20/1440/003,"Inhalācijas pulveris, cietā kapsula","Indacaterolum, Glycopyrronium, Mometasoni furoas",Jā,Jā,"S3, S9","Visi glikokortikoīdi ir aizliegti sacensību laikā, ja tos lieto orālā (ieskaitot oromukozālā), injicējamā vai rektālā ievadīšanas ceļā",,,"All glucocorticoids are prohibited In-Competition when administered by oral (including oromucosal), injectable or rectal routes",,
Zimbus Breezhaler,EU/1/20/1440/004,"Inhalācijas pulveris, cietā kapsula","Indacaterolum, Glycopyrronium, Mometasoni furoas",Jā,Jā,"S3, S9","Visi glikokortikoīdi ir aizliegti sacensību laikā, ja tos lieto orālā (ieskaitot oromukozālā), injicējamā vai rektālā ievadīšanas ceļā",,,"All glucocorticoids are prohibited In-Competition when administered by oral (including oromucosal), injectable or rectal routes",,
Zimbus Breezhaler,EU/1/20/1440/005,"Inhalācijas pulveris, cietā kapsula","Indacaterolum, Glycopyrronium, Mometasoni furoas",Jā,Jā,"S3, S9","Visi glikokortikoīdi ir aizliegti sacensību laikā, ja tos lieto orālā (ieskaitot oromukozālā), injicējamā vai rektālā ievadīšanas ceļā",,,"All glucocorticoids are prohibited In-Competition when administered by oral (including oromucosal), injectable or rectal routes",,
Bemrist Breezhaler,EU/1/20/1441/001,"Inhalācijas pulveris, cietā kapsula","Indacaterolum, Mometasoni furoas",Jā,Jā,"S3, S9",,,,,,
Bemrist Breezhaler,EU/1/20/1441/002,"Inhalācijas pulveris, cietā kapsula","Indacaterolum, Mometasoni furoas",Jā,Jā,"S3, S9",,,,,,
Bemrist Breezhaler,EU/1/20/1441/003,"Inhalācijas pulveris, cietā kapsula","Indacaterolum, Mometasoni furoas",Jā,Jā,"S3, S9",,,,,,
Bemrist Breezhaler,EU/1/20/1441/004,"Inhalācijas pulveris, cietā kapsula","Indacaterolum, Mometasoni furoas",Jā,Jā,"S3, S9",,,,,,
Bemrist Breezhaler,EU/1/20/1441/005,"Inhalācijas pulveris, cietā kapsula","Indacaterolum, Mometasoni furoas",Jā,Jā,"S3, S9",,,,,,
Bemrist Breezhaler,EU/1/20/1441/006,"Inhalācijas pulveris, cietā kapsula","Indacaterolum, Mometasoni furoas",Jā,Jā,"S3, S9",,,,,,
Bemrist Breezhaler,EU/1/20/1441/007,"Inhalācijas pulveris, cietā kapsula","Indacaterolum, Mometasoni furoas",Jā,Jā,"S3, S9",,,,,,
Bemrist Breezhaler,EU/1/20/1441/008,"Inhalācijas pulveris, cietā kapsula","Indacaterolum, Mometasoni furoas",Jā,Jā,"S3, S9",,,,,,
Bemrist Breezhaler,EU/1/20/1441/009,"Inhalācijas pulveris, cietā kapsula","Indacaterolum, Mometasoni furoas",Jā,Jā,"S3, S9",,,,,,
Bemrist Breezhaler,EU/1/20/1441/010,"Inhalācijas pulveris, cietā kapsula","Indacaterolum, Mometasoni furoas",Jā,Jā,"S3, S9",,,,,,
Bemrist Breezhaler,EU/1/20/1441/011,"Inhalācijas pulveris, cietā kapsula","Indacaterolum, Mometasoni furoas",Jā,Jā,"S3, S9",,,,,,
Bemrist Breezhaler,EU/1/20/1441/012,"Inhalācijas pulveris, cietā kapsula","Indacaterolum, Mometasoni furoas",Jā,Jā,"S3, S9",,,,,,
Clostilbegyt 50 mg tabletes,01-0312,Tabletes,Clomipheni citras,Jā,Jā,S4,,,,,,
Preductal MR 35 mg modificētas darbības apvalkotās tabletes,03-0064,Ilgstošās darbības apvalkotās tabletes,Trimetazidini dihydrochloridum,Jā,Jā,S4,,,,,,
Trimetazidine MR Servier 35 mg modificētas darbības apvalkotās tabletes,03-0065,Ilgstošās darbības apvalkotās tabletes,Trimetazidini dihydrochloridum,Jā,Jā,S4,,,,,,
Tamoxifen Orion 20 mg tabletes,03-0191,Tabletes,Tamoxifenum,Jā,Jā,S4,,,,,,
Anastrozole-Teva 1 mg apvalkotās tabletes,07-0287,Apvalkotās tabletes,Anastrozolum,Jā,Jā,S4,,,,,,
Anastrozole SanoSwiss 1 mg apvalkotās tabletes,07-0289,Apvalkotās tabletes,Anastrozolum,Jā,Jā,S4,,,,,,
Axastrol 1 mg apvalkotās tabletes,08-0197,Apvalkotās tabletes,Anastrozolum,Jā,Jā,S4,,,,,,
Anastrozole Accord 1 mg apvalkotās tabletes,08-0336,Apvalkotās tabletes,Anastrozolum,Jā,Jā,S4,,,,,,
"Letrozole SanoSwiss 2,5 mg apvalkotās tabletes",09-0021,Apvalkotās tabletes,Letrozolum,Jā,Jā,S4,,,,,,
"Letrozole Teva 2,5 mg apvalkotās tabletes",10-0160,Apvalkotās tabletes,Letrozolum,Jā,Jā,S4,,,,,,
Meldonium Olainfarm 250 mg cietās kapsulas,10-0216,Cietās kapsulas,Meldonium,Jā,Jā,S4,,,,,,
Exemestane Accord 25 mg apvalkotās tabletes,10-0305,Apvalkotās tabletes,Exemestanum,Jā,Jā,S4,,,,,,
Exemestane Alvogen 25 mg apvalkotās tabletes,10-0319,Apvalkotās tabletes,Exemestanum,Jā,Jā,S4,,,,,,
Escepran 25 mg apvalkotās tabletes,10-0321,Apvalkotās tabletes,Exemestanum,Jā,Jā,S4,,,,,,
Meldonium Olainfarm 100 mg/ml šķīdums injekcijām,10-0376,Šķīdums injekcijām,Meldonium,Jā,Jā,S4,,,,,,
Trimetazidine Actavis 35 mg ilgstošās darbības tabletes,10-0390,Ilgstošās darbības tabletes,Trimetazidini dihydrochloridum,Jā,Jā,S4,,,,,,
Trimetazidine Teva 35 mg ilgstošās darbības tabletes,10-0639,Ilgstošās darbības tabletes,Trimetazidini dihydrochloridum,Jā,Jā,S4,,,,,,
Exemestane SanoSwiss 25 mg apvalkotās tabletes,11-0045,Apvalkotās tabletes,Exemestanum,Jā,Jā,S4,,,,,,
Meldonium Olainfarm 250 mg kapsulas,11-0172,Kapsulas,Meldonium,Jā,Jā,S4,,,,,,
Moduxin 35 mg ilgstošās darbības tabletes,11-0503,Ilgstošās darbības tabletes,Trimetazidini dihydrochloridum,Jā,Jā,S4,,,,,,
Mildronāts 500 mg tabletes,12-0316,Tabletes,Meldonium,Jā,Jā,S4,,,,,,
"Likarda 2,5 mg apvalkotās tabletes",12-0325,Apvalkotās tabletes,Letrozolum,Jā,Jā,S4,,,,,,
Meldonium Olainfarm 500 mg cietās kapsulas,15-0055,Cietās kapsulas,Meldonium,Jā,Jā,S4,,,,,,
Fulvestrant Teva 250 mg šķīdums injekcijām pilnšļircē,16-0084,Šķīdums injekcijām pilnšļircē,Fulvestrantum,Jā,Jā,S4,,,,,,
Humulin R 100 SV/ml šķīdums injekcijām kārtridžā,18-0012,Šķīdums injekcijām kārtridžā,Insulinum humanum,Jā,Jā,S4,,,,,,
Humulin N 100 SV/ml suspensija injekcijām kārtridžā,18-0013,Suspensija injekcijām kārtridžā,Insulinum humanum,Jā,Jā,S4,,,,,,
Humulin N KwikPen 100 SV/ml suspensija injekcijām pildspalvveida pilnšļircē,18-0014,Suspensija injekcijām pildspalvveida pilnšļircē,Insulinum humanum,Jā,Jā,S4,,,,,,
Fulvestrant Accord 250 mg šķīdums injekcijām pilnšļircē,19-0030,Šķīdums injekcijām pilnšļircē,Fulvestrantum,Jā,Jā,S4,,,,,,
Anastrozole Elvim 1 mg apvalkotās tabletes,21-0202,Apvalkotā tablete,Anastrozolum,Jā,Jā,S4,,,,,,
Fulvestrant Stada 250 mg šķīdums injekcijām pilnšļircē,22-0082,Šķīdums injekcijām pilnšļircē,Fulvestrantum,Jā,Jā,S4,,,,,,
"Femara 2,5 mg apvalkotās tabletes",98-0087,Apvalkotās tabletes,Letrozolum,Jā,Jā,S4,,,,,,
"Mildronāts 0,5 g/5 ml šķīdums injekcijām",98-0259,Šķīdums injekcijām,Meldonium dihydricum,Jā,Jā,S4,,,,,,
Mildronāts 500 mg cietās kapsulas,99-0095,Cietās kapsulas,Meldonium dihydricum,Jā,Jā,S4,,,,,,
Mildronāts-Grindeks 250 mg cietās kapsulas,99-0180,Cietās kapsulas,Meldonium dihydricum,Jā,Jā,S4,,,,,,
Tamoxifen-Teva 20 mg apvalkotās tabletes,99-0770,Apvalkotās tabletes,Tamoxifeni citras,Jā,Jā,S4,,,,,,
Toujeo,EU/1/00/133/001,Šķīdums injekcijām,Insulinum glarginum,Jā,Jā,S4,,,,,,
Toujeo,EU/1/00/133/002,Šķīdums injekcijām,Insulinum glarginum,Jā,Jā,S4,,,,,,
Toujeo,EU/1/00/133/003,Šķīdums injekcijām,Insulinum glarginum,Jā,Jā,S4,,,,,,
Toujeo,EU/1/00/133/004,Šķīdums injekcijām,Insulinum glarginum,Jā,Jā,S4,,,,,,
Toujeo,EU/1/00/133/005,Šķīdums injekcijām,Insulinum glarginum,Jā,Jā,S4,,,,,,
Toujeo,EU/1/00/133/006,Šķīdums injekcijām,Insulinum glarginum,Jā,Jā,S4,,,,,,
Toujeo,EU/1/00/133/007,Šķīdums injekcijām,Insulinum glarginum,Jā,Jā,S4,,,,,,
Toujeo,EU/1/00/133/008,Šķīdums injekcijām,Insulinum glarginum,Jā,Jā,S4,,,,,,
Toujeo Optiset,EU/1/00/133/009,Šķīdums injekcijām,Insulinum glarginum,Jā,Jā,S4,,,,,,
Toujeo Optiset,EU/1/00/133/010,Šķīdums injekcijām,Insulinum glarginum,Jā,Jā,S4,,,,,,
Toujeo Optiset,EU/1/00/133/011,Šķīdums injekcijām,Insulinum glarginum,Jā,Jā,S4,,,,,,
Toujeo Optiset,EU/1/00/133/012,Šķīdums injekcijām,Insulinum glarginum,Jā,Jā,S4,,,,,,
Toujeo Optiset,EU/1/00/133/013,Šķīdums injekcijām,Insulinum glarginum,Jā,Jā,S4,,,,,,
Toujeo Optiset,EU/1/00/133/014,Šķīdums injekcijām,Insulinum glarginum,Jā,Jā,S4,,,,,,
Toujeo Optiset,EU/1/00/133/015,Šķīdums injekcijām,Insulinum glarginum,Jā,Jā,S4,,,,,,
Toujeo Optiset,EU/1/00/133/016,Šķīdums injekcijām,Insulinum glarginum,Jā,Jā,S4,,,,,,
Toujeo,EU/1/00/133/017,Šķīdums injekcijām,Insulinum glarginum,Jā,Jā,S4,,,,,,
Toujeo,EU/1/00/133/018,Šķīdums injekcijām,Insulinum glarginum,Jā,Jā,S4,,,,,,
Toujeo,EU/1/00/133/019,Šķīdums injekcijām,Insulinum glarginum,Jā,Jā,S4,,,,,,
Toujeo,EU/1/00/133/020,Šķīdums injekcijām,Insulinum glarginum,Jā,Jā,S4,,,,,,
Toujeo,EU/1/00/133/021,Šķīdums injekcijām,Insulinum glarginum,Jā,Jā,S4,,,,,,
Toujeo,EU/1/00/133/022,Šķīdums injekcijām,Insulinum glarginum,Jā,Jā,S4,,,,,,
Toujeo,EU/1/00/133/023,Šķīdums injekcijām,Insulinum glarginum,Jā,Jā,S4,,,,,,
Toujeo,EU/1/00/133/024,Šķīdums injekcijām,Insulinum glarginum,Jā,Jā,S4,,,,,,
Toujeo SoloStar,EU/1/00/133/025,Šķīdums injekcijām,Insulinum glarginum,Jā,Jā,S4,,,,,,
Toujeo SoloStar,EU/1/00/133/026,Šķīdums injekcijām,Insulinum glarginum,Jā,Jā,S4,,,,,,
Toujeo SoloStar,EU/1/00/133/027,Šķīdums injekcijām,Insulinum glarginum,Jā,Jā,S4,,,,,,
Toujeo SoloStar,EU/1/00/133/028,Šķīdums injekcijām,Insulinum glarginum,Jā,Jā,S4,,,,,,
Toujeo SoloStar,EU/1/00/133/029,Šķīdums injekcijām,Insulinum glarginum,Jā,Jā,S4,,,,,,
Toujeo SoloStar,EU/1/00/133/030,Šķīdums injekcijām,Insulinum glarginum,Jā,Jā,S4,,,,,,
Toujeo SoloStar,EU/1/00/133/031,Šķīdums injekcijām,Insulinum glarginum,Jā,Jā,S4,,,,,,
Toujeo SoloStar,EU/1/00/133/032,Šķīdums injekcijām,Insulinum glarginum,Jā,Jā,S4,,,,,,
Toujeo SoloStar,EU/1/00/133/033,Šķīdums injekcijām,Insulinum glarginum,Jā,Jā,S4,,,,,,
Toujeo SoloStar,EU/1/00/133/034,Šķīdums injekcijām,Insulinum glarginum,Jā,Jā,S4,,,,,,
Toujeo SoloStar,EU/1/00/133/035,Šķīdums injekcijām,Insulinum glarginum,Jā,Jā,S4,,,,,,
Toujeo SoloStar,EU/1/00/133/036,Šķīdums injekcijām,Insulinum glarginum,Jā,Jā,S4,,,,,,
Toujeo DoubleStar,EU/1/00/133/037,Šķīdums injekcijām,Insulinum glarginum,Jā,Jā,S4,,,,,,
Toujeo DoubleStar,EU/1/00/133/038,Šķīdums injekcijām,Insulinum glarginum,Jā,Jā,S4,,,,,,
Toujeo DoubleStar,EU/1/00/133/039,Šķīdums injekcijām,Insulinum glarginum,Jā,Jā,S4,,,,,,
Toujeo DoubleStar,EU/1/00/133/040,Šķīdums injekcijām,Insulinum glarginum,Jā,Jā,S4,,,,,,
Toujeo DoubleStar,EU/1/00/133/041,Šķīdums injekcijām,Insulinum glarginum,Jā,Jā,S4,,,,,,
Lantus,EU/1/00/134/001,Šķīdums injekcijām,Insulinum glarginum,Jā,Jā,S4,,,,,,
Lantus,EU/1/00/134/002,Šķīdums injekcijām,Insulinum glarginum,Jā,Jā,S4,,,,,,
Lantus,EU/1/00/134/003,Šķīdums injekcijām,Insulinum glarginum,Jā,Jā,S4,,,,,,
Lantus,EU/1/00/134/004,Šķīdums injekcijām,Insulinum glarginum,Jā,Jā,S4,,,,,,
Lantus,EU/1/00/134/005,Šķīdums injekcijām,Insulinum glarginum,Jā,Jā,S4,,,,,,
Lantus,EU/1/00/134/006,Šķīdums injekcijām,Insulinum glarginum,Jā,Jā,S4,,,,,,
Lantus,EU/1/00/134/007,Šķīdums injekcijām,Insulinum glarginum,Jā,Jā,S4,,,,,,
Lantus,EU/1/00/134/008,Šķīdums injekcijām,Insulinum glarginum,Jā,Jā,S4,,,,,,
Lantus,EU/1/00/134/009,Šķīdums injekcijām,Insulinum glarginum,Jā,Jā,S4,,,,,,
Lantus,EU/1/00/134/010,Šķīdums injekcijām,Insulinum glarginum,Jā,Jā,S4,,,,,,
Lantus,EU/1/00/134/011,Šķīdums injekcijām,Insulinum glarginum,Jā,Jā,S4,,,,,,
Lantus,EU/1/00/134/012,Šķīdums injekcijām,Insulinum glarginum,Jā,Jā,S4,,,,,,
Lantus,EU/1/00/134/013,Šķīdums injekcijām,Insulinum glarginum,Jā,Jā,S4,,,,,,
Lantus,EU/1/00/134/014,Šķīdums injekcijām,Insulinum glarginum,Jā,Jā,S4,,,,,,
Lantus,EU/1/00/134/015,Šķīdums injekcijām,Insulinum glarginum,Jā,Jā,S4,,,,,,
Lantus,EU/1/00/134/016,Šķīdums injekcijām,Insulinum glarginum,Jā,Jā,S4,,,,,,
Lantus,EU/1/00/134/017,Šķīdums injekcijām,Insulinum glarginum,Jā,Jā,S4,,,,,,
Lantus,EU/1/00/134/018,Šķīdums injekcijām,Insulinum glarginum,Jā,Jā,S4,,,,,,
Lantus,EU/1/00/134/019,Šķīdums injekcijām,Insulinum glarginum,Jā,Jā,S4,,,,,,
Lantus,EU/1/00/134/020,Šķīdums injekcijām,Insulinum glarginum,Jā,Jā,S4,,,,,,
Lantus,EU/1/00/134/021,Šķīdums injekcijām,Insulinum glarginum,Jā,Jā,S4,,,,,,
Lantus,EU/1/00/134/022,Šķīdums injekcijām,Insulinum glarginum,Jā,Jā,S4,,,,,,
Lantus,EU/1/00/134/023,Šķīdums injekcijām,Insulinum glarginum,Jā,Jā,S4,,,,,,
Lantus,EU/1/00/134/024,Šķīdums injekcijām,Insulinum glarginum,Jā,Jā,S4,,,,,,
Lantus,EU/1/00/134/025,Šķīdums injekcijām,Insulinum glarginum,Jā,Jā,S4,,,,,,
Lantus,EU/1/00/134/026,Šķīdums injekcijām,Insulinum glarginum,Jā,Jā,S4,,,,,,
Lantus,EU/1/00/134/027,Šķīdums injekcijām,Insulinum glarginum,Jā,Jā,S4,,,,,,
Lantus,EU/1/00/134/028,Šķīdums injekcijām,Insulinum glarginum,Jā,Jā,S4,,,,,,
Lantus,EU/1/00/134/029,Šķīdums injekcijām,Insulinum glarginum,Jā,Jā,S4,,,,,,
Lantus SoloStar,EU/1/00/134/030,Šķīdums injekcijām,Insulinum glarginum,Jā,Jā,S4,,,,,,
Lantus SoloStar,EU/1/00/134/031,Šķīdums injekcijām,Insulinum glarginum,Jā,Jā,S4,,,,,,
Lantus SoloStar,EU/1/00/134/032,Šķīdums injekcijām,Insulinum glarginum,Jā,Jā,S4,,,,,,
Lantus SoloStar,EU/1/00/134/033,Šķīdums injekcijām,Insulinum glarginum,Jā,Jā,S4,,,,,,
Lantus SoloStar,EU/1/00/134/034,Šķīdums injekcijām,Insulinum glarginum,Jā,Jā,S4,,,,,,
Lantus SoloStar,EU/1/00/134/035,Šķīdums injekcijām,Insulinum glarginum,Jā,Jā,S4,,,,,,
Lantus SoloStar,EU/1/00/134/036,Šķīdums injekcijām,Insulinum glarginum,Jā,Jā,S4,,,,,,
Lantus SoloStar,EU/1/00/134/037,Šķīdums injekcijām,Insulinum glarginum,Jā,Jā,S4,,,,,,
NovoMix 30 Penfill,EU/1/00/142/004,Suspensija injekcijām,Insulinum aspartum,Jā,Jā,S4,,,,,,
NovoMix 30 Penfill,EU/1/00/142/005,Suspensija injekcijām,Insulinum aspartum,Jā,Jā,S4,,,,,,
NovoMix 30 FlexPen,EU/1/00/142/009,Suspensija injekcijām,Insulinum aspartum,Jā,Jā,S4,,,,,,
NovoMix 30 FlexPen,EU/1/00/142/010,Suspensija injekcijām,Insulinum aspartum,Jā,Jā,S4,,,,,,
NovoMix 50 Penfill,EU/1/00/142/011,Suspensija injekcijām,Insulinum aspartum,Jā,Jā,S4,,,,,,
NovoMix 50 Penfill,EU/1/00/142/012,Suspensija injekcijām,Insulinum aspartum,Jā,Jā,S4,,,,,,
NovoMix 50 Penfill,EU/1/00/142/013,Suspensija injekcijām,Insulinum aspartum,Jā,Jā,S4,,,,,,
NovoMix 50 FlexPen,EU/1/00/142/014,Suspensija injekcijām,Insulinum aspartum,Jā,Jā,S4,,,,,,
NovoMix 50 FlexPen,EU/1/00/142/015,Suspensija injekcijām,Insulinum aspartum,Jā,Jā,S4,,,,,,
NovoMix 50 FlexPen,EU/1/00/142/016,Suspensija injekcijām,Insulinum aspartum,Jā,Jā,S4,,,,,,
NovoMix 70 Penfill,EU/1/00/142/017,Suspensija injekcijām,Insulinum aspartum,Jā,Jā,S4,,,,,,
NovoMix 70 Penfill,EU/1/00/142/018,Suspensija injekcijām,Insulinum aspartum,Jā,Jā,S4,,,,,,
NovoMix 70 Penfill,EU/1/00/142/019,Suspensija injekcijām,Insulinum aspartum,Jā,Jā,S4,,,,,,
NovoMix 70 FlexPen,EU/1/00/142/020,Suspensija injekcijām,Insulinum aspartum,Jā,Jā,S4,,,,,,
NovoMix 70 FlexPen,EU/1/00/142/021,Suspensija injekcijām,Insulinum aspartum,Jā,Jā,S4,,,,,,
NovoMix 70 FlexPen,EU/1/00/142/022,Suspensija injekcijām,Insulinum aspartum,Jā,Jā,S4,,,,,,
NovoMix 30 FlexPen,EU/1/00/142/023,Suspensija injekcijām,Insulinum aspartum,Jā,Jā,S4,,,,,,
NovoMix 30 FlexPen,EU/1/00/142/024,Suspensija injekcijām,Insulinum aspartum,Jā,Jā,S4,,,,,,
NovoMix 30 FlexPen,EU/1/00/142/025,Suspensija injekcijām,Insulinum aspartum,Jā,Jā,S4,,,,,,
Liprolog,EU/1/01/195/001,Šķīdums injekcijām,Insulinum lisprum,Jā,Jā,S4,,,,,,
Liprolog,EU/1/01/195/002,Šķīdums injekcijām,Insulinum lisprum,Jā,Jā,S4,,,,,,
Liprolog Mix25,EU/1/01/195/003,Suspensija injekcijām,Insulinum lisprum,Jā,Jā,S4,,,,,,
Liprolog Mix50,EU/1/01/195/004,Suspensija injekcijām,Insulinum lisprum,Jā,Jā,S4,,,,,,
Liprolog,EU/1/01/195/008,Šķīdums injekcijām,Insulinum lisprum,Jā,Jā,S4,,,,,,
Liprolog,EU/1/01/195/009,Šķīdums injekcijām,Insulinum lisprum,Jā,Jā,S4,,,,,,
Liprolog,EU/1/01/195/010,Šķīdums injekcijām,Insulinum lisprum,Jā,Jā,S4,,,,,,
Liprolog Mix25,EU/1/01/195/011,Suspensija injekcijām,Insulinum lisprum,Jā,Jā,S4,,,,,,
Liprolog Mix50,EU/1/01/195/012,Suspensija injekcijām,Insulinum lisprum,Jā,Jā,S4,,,,,,
Liprolog KwikPen,EU/1/01/195/016,Šķīdums injekcijām,Insulinum lisprum,Jā,Jā,S4,,,,,,
Liprolog KwikPen,EU/1/01/195/017,Šķīdums injekcijām,Insulinum lisprum,Jā,Jā,S4,,,,,,
Liprolog Mix25 KwikPen,EU/1/01/195/018,Suspensija injekcijām,Insulinum lisprum,Jā,Jā,S4,,,,,,
Liprolog Mix25 KwikPen,EU/1/01/195/019,Suspensija injekcijām,Insulinum lisprum,Jā,Jā,S4,,,,,,
Liprolog Mix50 KwikPen,EU/1/01/195/020,Suspensija injekcijām,Insulinum lisprum,Jā,Jā,S4,,,,,,
Liprolog Mix50 KwikPen,EU/1/01/195/021,Suspensija injekcijām,Insulinum lisprum,Jā,Jā,S4,,,,,,
Liprolog Basal,EU/1/01/195/022,Suspensija injekcijām,Insulinum lisprum,Jā,Jā,S4,,,,,,
Liprolog Basal,EU/1/01/195/023,Suspensija injekcijām,Insulinum lisprum,Jā,Jā,S4,,,,,,
Liprolog Basal KwikPen,EU/1/01/195/026,Suspensija injekcijām,Insulinum lisprum,Jā,Jā,S4,,,,,,
Liprolog Basal KwikPen,EU/1/01/195/027,Suspensija injekcijām,Insulinum lisprum,Jā,Jā,S4,,,,,,
Liprolog KwikPen,EU/1/01/195/028,Šķīdums injekcijām,Insulinum lisprum,Jā,Jā,S4,,,,,,
Liprolog KwikPen,EU/1/01/195/029,Šķīdums injekcijām,Insulinum lisprum,Jā,Jā,S4,,,,,,
Liprolog KwikPen,EU/1/01/195/030,Šķīdums injekcijām,Insulinum lisprum,Jā,Jā,S4,,,,,,
Liprolog KwikPen,EU/1/01/195/031,Šķīdums injekcijām,Insulinum lisprum,Jā,Jā,S4,,,,,,
Actraphane 30,EU/1/02/229/001,Suspensija injekcijām,Insulinum humanum,Jā,Jā,S4,,,,,,
Actraphane 30,EU/1/02/229/002,Suspensija injekcijām,Insulinum humanum,Jā,Jā,S4,,,,,,
Actraphane 30,EU/1/02/229/003,Suspensija injekcijām,Insulinum humanum,Jā,Jā,S4,,,,,,
Actraphane 30,EU/1/02/229/004,Suspensija injekcijām,Insulinum humanum,Jā,Jā,S4,,,,,,
Actraphane 30 Penfill,EU/1/02/229/011,Suspensija injekcijām,Insulinum humanum,Jā,Jā,S4,,,,,,
Actraphane 30 Penfill,EU/1/02/229/012,Suspensija injekcijām,Insulinum humanum,Jā,Jā,S4,,,,,,
Actraphane 30 Penfill,EU/1/02/229/013,Suspensija injekcijām,Insulinum humanum,Jā,Jā,S4,,,,,,
Actraphane 40 Penfill,EU/1/02/229/014,Suspensija injekcijām,Insulinum humanum,Jā,Jā,S4,,,,,,
Actraphane 40 Penfill,EU/1/02/229/015,Suspensija injekcijām,Insulinum humanum,Jā,Jā,S4,,,,,,
Actraphane 40 Penfill,EU/1/02/229/016,Suspensija injekcijām,Insulinum humanum,Jā,Jā,S4,,,,,,
Actraphane 50 Penfill,EU/1/02/229/017,Suspensija injekcijām,Insulinum humanum,Jā,Jā,S4,,,,,,
Actraphane 50 Penfill,EU/1/02/229/018,Suspensija injekcijām,Insulinum humanum,Jā,Jā,S4,,,,,,
Actraphane 50 Penfill,EU/1/02/229/019,Suspensija injekcijām,Insulinum humanum,Jā,Jā,S4,,,,,,
Actraphane 30 InnoLet,EU/1/02/229/030,Suspensija injekcijām,Insulinum humanum,Jā,Jā,S4,,,,,,
Actraphane 30 InnoLet,EU/1/02/229/031,Suspensija injekcijām,Insulinum humanum,Jā,Jā,S4,,,,,,
Actraphane 30 InnoLet,EU/1/02/229/032,Suspensija injekcijām,Insulinum humanum,Jā,Jā,S4,,,,,,
Actraphane 30 FlexPen,EU/1/02/229/033,Suspensija injekcijām,Insulinum humanum,Jā,Jā,S4,,,,,,
Actraphane 30 FlexPen,EU/1/02/229/034,Suspensija injekcijām,Insulinum humanum,Jā,Jā,S4,,,,,,
Actraphane 30 FlexPen,EU/1/02/229/035,Suspensija injekcijām,Insulinum humanum,Jā,Jā,S4,,,,,,
Actraphane 30,EU/1/02/229/036,Suspensija injekcijām,Insulinum humanum,Jā,Jā,S4,,,,,,
Actraphane 30,EU/1/02/229/037,Suspensija injekcijām,Insulinum humanum,Jā,Jā,S4,,,,,,
Actrapid,EU/1/02/230/001,Šķīdums injekcijām,Insulinum humanum,Jā,Jā,S4,,,,,,
Actrapid,EU/1/02/230/002,Šķīdums injekcijām,Insulinum humanum,Jā,Jā,S4,,,,,,
Actrapid,EU/1/02/230/003,Šķīdums injekcijām,Insulinum humanum,Jā,Jā,S4,,,,,,
Actrapid,EU/1/02/230/004,Šķīdums injekcijām,Insulinum humanum,Jā,Jā,S4,,,,,,
Actrapid Penfill,EU/1/02/230/005,Šķīdums injekcijām,Insulinum humanum,Jā,Jā,S4,,,,,,
Actrapid Penfill,EU/1/02/230/006,Šķīdums injekcijām,Insulinum humanum,Jā,Jā,S4,,,,,,
Actrapid Penfill,EU/1/02/230/007,Šķīdums injekcijām,Insulinum humanum,Jā,Jā,S4,,,,,,
Actrapid InnoLet,EU/1/02/230/011,Šķīdums injekcijām,Insulinum humanum,Jā,Jā,S4,,,,,,
Actrapid InnoLet,EU/1/02/230/012,Šķīdums injekcijām,Insulinum humanum,Jā,Jā,S4,,,,,,
Actrapid FlexPen,EU/1/02/230/013,Šķīdums injekcijām,Insulinum humanum,Jā,Jā,S4,,,,,,
Actrapid FlexPen,EU/1/02/230/014,Šķīdums injekcijām,Insulinum humanum,Jā,Jā,S4,,,,,,
Actrapid FlexPen,EU/1/02/230/015,Šķīdums injekcijām,Insulinum humanum,Jā,Jā,S4,,,,,,
Actrapid,EU/1/02/230/016,Šķīdums injekcijām,Insulinum humanum,Jā,Jā,S4,,,,,,
Actrapid,EU/1/02/230/017,Šķīdums injekcijām,Insulinum humanum,Jā,Jā,S4,,,,,,
Mixtard 30,EU/1/02/231/001,Suspensija injekcijām,Insulinum humanum,Jā,Jā,S4,,,,,,
Mixtard 30,EU/1/02/231/002,Suspensija injekcijām,Insulinum humanum,Jā,Jā,S4,,,,,,
Mixtard 30,EU/1/02/231/003,Suspensija injekcijām,Insulinum humanum,Jā,Jā,S4,,,,,,
Mixtard 30,EU/1/02/231/004,Suspensija injekcijām,Insulinum humanum,Jā,Jā,S4,,,,,,
Mixtard 30 Penfill,EU/1/02/231/011,Suspensija injekcijām,Insulinum humanum,Jā,Jā,S4,,,,,,
Mixtard 30 Penfill,EU/1/02/231/012,Suspensija injekcijām,Insulinum humanum,Jā,Jā,S4,,,,,,
Mixtard 30 Penfill,EU/1/02/231/013,Suspensija injekcijām,Insulinum humanum,Jā,Jā,S4,,,,,,
Mixtard 40 Penfill,EU/1/02/231/014,Suspensija injekcijām,Insulinum humanum,Jā,Jā,S4,,,,,,
Mixtard 40 Penfill,EU/1/02/231/015,Suspensija injekcijām,Insulinum humanum,Jā,Jā,S4,,,,,,
Mixtard 40 Penfill,EU/1/02/231/016,Suspensija injekcijām,Insulinum humanum,Jā,Jā,S4,,,,,,
Mixtard 50 Penfill,EU/1/02/231/017,Suspensija injekcijām,Insulinum humanum,Jā,Jā,S4,,,,,,
Mixtard 50 Penfill,EU/1/02/231/018,Suspensija injekcijām,Insulinum humanum,Jā,Jā,S4,,,,,,
Mixtard 50 Penfill,EU/1/02/231/019,Suspensija injekcijām,Insulinum humanum,Jā,Jā,S4,,,,,,
Mixtard 30 InnoLet,EU/1/02/231/030,Suspensija injekcijām,Insulinum humanum,Jā,Jā,S4,,,,,,
Mixtard 30 InnoLet,EU/1/02/231/031,Suspensija injekcijām,Insulinum humanum,Jā,Jā,S4,,,,,,
Mixtard 30 InnoLet,EU/1/02/231/032,Suspensija injekcijām,Insulinum humanum,Jā,Jā,S4,,,,,,
Mixtard 30 FlexPen,EU/1/02/231/033,Suspensija injekcijām,Insulinum humanum,Jā,Jā,S4,,,,,,
Mixtard 30 FlexPen,EU/1/02/231/034,Suspensija injekcijām,Insulinum humanum,Jā,Jā,S4,,,,,,
Mixtard 30 FlexPen,EU/1/02/231/035,Suspensija injekcijām,Insulinum humanum,Jā,Jā,S4,,,,,,
Mixtard 30,EU/1/02/231/036,Suspensija injekcijām,Insulinum humanum,Jā,Jā,S4,,,,,,
Mixtard 30,EU/1/02/231/037,Suspensija injekcijām,Insulinum humanum,Jā,Jā,S4,,,,,,
Insulatard,EU/1/02/233/001,Suspensija injekcijām,Insulinum humanum,Jā,Jā,S4,,,,,,
Insulatard,EU/1/02/233/002,Suspensija injekcijām,Insulinum humanum,Jā,Jā,S4,,,,,,
Insulatard,EU/1/02/233/003,Suspensija injekcijām,Insulinum humanum,Jā,Jā,S4,,,,,,
Insulatard,EU/1/02/233/004,Suspensija injekcijām,Insulinum humanum,Jā,Jā,S4,,,,,,
Insulatard Penfill,EU/1/02/233/005,Suspensija injekcijām,Insulinum humanum,Jā,Jā,S4,,,,,,
Insulatard Penfill,EU/1/02/233/006,Suspensija injekcijām,Insulinum humanum,Jā,Jā,S4,,,,,,
Insulatard Penfill,EU/1/02/233/007,Suspensija injekcijām,Insulinum humanum,Jā,Jā,S4,,,,,,
Insulatard NovoLet,EU/1/02/233/008,Suspensija injekcijām,Insulinum humanum,Jā,Jā,S4,,,,,,
Insulatard NovoLet,EU/1/02/233/009,Suspensija injekcijām,Insulinum humanum,Jā,Jā,S4,,,,,,
Insulatard InnoLet,EU/1/02/233/010,Suspensija injekcijām,Insulinum humanum,Jā,Jā,S4,,,,,,
Insulatard InnoLet,EU/1/02/233/011,Suspensija injekcijām,Insulinum humanum,Jā,Jā,S4,,,,,,
Insulatard InnoLet,EU/1/02/233/012,Suspensija injekcijām,Insulinum humanum,Jā,Jā,S4,,,,,,
Insulatard FlexPen,EU/1/02/233/013,Suspensija injekcijām,Insulinum humanum,Jā,Jā,S4,,,,,,
Insulatard FlexPen,EU/1/02/233/014,Suspensija injekcijām,Insulinum humanum,Jā,Jā,S4,,,,,,
Insulatard FlexPen,EU/1/02/233/015,Suspensija injekcijām,Insulinum humanum,Jā,Jā,S4,,,,,,
Insulatard,EU/1/02/233/016,Suspensija injekcijām,Insulinum humanum,Jā,Jā,S4,,,,,,
Insulatard,EU/1/02/233/017,Suspensija injekcijām,Insulinum humanum,Jā,Jā,S4,,,,,,
Protaphane,EU/1/02/234/001,Suspensija injekcijām,Insulinum humanum,Jā,Jā,S4,,,,,,
Protaphane,EU/1/02/234/002,Suspensija injekcijām,Insulinum humanum,Jā,Jā,S4,,,,,,
Protaphane,EU/1/02/234/003,Suspensija injekcijām,Insulinum humanum,Jā,Jā,S4,,,,,,
Protaphane,EU/1/02/234/004,Suspensija injekcijām,Insulinum humanum,Jā,Jā,S4,,,,,,
Protaphane Penfill,EU/1/02/234/005,Suspensija injekcijām,Insulinum humanum,Jā,Jā,S4,,,,,,
Protaphane Penfill,EU/1/02/234/006,Suspensija injekcijām,Insulinum humanum,Jā,Jā,S4,,,,,,
Protaphane Penfill,EU/1/02/234/007,Suspensija injekcijām,Insulinum humanum,Jā,Jā,S4,,,,,,
Protaphane InnoLet,EU/1/02/234/010,Suspensija injekcijām,Insulinum humanum,Jā,Jā,S4,,,,,,
Protaphane InnoLet,EU/1/02/234/011,Suspensija injekcijām,Insulinum humanum,Jā,Jā,S4,,,,,,
Protaphane InnoLet,EU/1/02/234/012,Suspensija injekcijām,Insulinum humanum,Jā,Jā,S4,,,,,,
Protaphane FlexPen,EU/1/02/234/013,Suspensija injekcijām,Insulinum humanum,Jā,Jā,S4,,,,,,
Protaphane FlexPen,EU/1/02/234/014,Suspensija injekcijām,Insulinum humanum,Jā,Jā,S4,,,,,,
Protaphane FlexPen,EU/1/02/234/015,Suspensija injekcijām,Insulinum humanum,Jā,Jā,S4,,,,,,
Protaphane,EU/1/02/234/016,Suspensija injekcijām,Insulinum humanum,Jā,Jā,S4,,,,,,
Protaphane,EU/1/02/234/017,Suspensija injekcijām,Insulinum humanum,Jā,Jā,S4,,,,,,
Faslodex,EU/1/03/269/001,Šķīdums injekcijām,Fulvestrantum,Jā,Jā,S4,,,,,,
Faslodex,EU/1/03/269/002,Šķīdums injekcijām,Fulvestrantum,Jā,Jā,S4,,,,,,
Levemir,EU/1/04/278/001,Šķīdums injekcijām,Insulinum detemirum,Jā,Jā,S4,,,,,,
Levemir,EU/1/04/278/002,Šķīdums injekcijām,Insulinum detemirum,Jā,Jā,S4,,,,,,
Levemir,EU/1/04/278/003,Šķīdums injekcijām,Insulinum detemirum,Jā,Jā,S4,,,,,,
Levemir,EU/1/04/278/004,Šķīdums injekcijām,Insulinum detemirum,Jā,Jā,S4,,,,,,
Levemir,EU/1/04/278/005,Šķīdums injekcijām,Insulinum detemirum,Jā,Jā,S4,,,,,,
Levemir,EU/1/04/278/006,Šķīdums injekcijām,Insulinum detemirum,Jā,Jā,S4,,,,,,
Levemir,EU/1/04/278/007,Šķīdums injekcijām,Insulinum detemirum,Jā,Jā,S4,,,,,,
Levemir,EU/1/04/278/008,Šķīdums injekcijām,Insulinum detemirum,Jā,Jā,S4,,,,,,
Levemir,EU/1/04/278/009,Šķīdums injekcijām,Insulinum detemirum,Jā,Jā,S4,,,,,,
Levemir,EU/1/04/278/010,Šķīdums injekcijām,Insulinum detemirum,Jā,Jā,S4,,,,,,
Levemir,EU/1/04/278/011,Šķīdums injekcijām,Insulinum detemirum,Jā,Jā,S4,,,,,,
Levemir,EU/1/04/278/012,Šķīdums injekcijām,Insulinum detemirum,Jā,Jā,S4,,,,,,
Levemir,EU/1/04/278/013,Šķīdums injekcijām,Insulinum detemirum,Jā,Jā,S4,,,,,,
Levemir,EU/1/04/278/014,Šķīdums injekcijām,Insulinum detemirum,Jā,Jā,S4,,,,,,
Levemir,EU/1/04/278/015,Šķīdums injekcijām,Insulinum detemirum,Jā,Jā,S4,,,,,,
Levemir,EU/1/04/278/016,Šķīdums injekcijām,Insulinum detemirum,Jā,Jā,S4,,,,,,
Apidra,EU/1/04/285/001,Šķīdums injekcijām,Insulinum glulisinum,Jā,Jā,S4,,,,,,
Apidra,EU/1/04/285/002,Šķīdums injekcijām,Insulinum glulisinum,Jā,Jā,S4,,,,,,
Apidra,EU/1/04/285/003,Šķīdums injekcijām,Insulinum glulisinum,Jā,Jā,S4,,,,,,
Apidra,EU/1/04/285/004,Šķīdums injekcijām,Insulinum glulisinum,Jā,Jā,S4,,,,,,
Apidra,EU/1/04/285/005,Šķīdums injekcijām,Insulinum glulisinum,Jā,Jā,S4,,,,,,
Apidra,EU/1/04/285/006,Šķīdums injekcijām,Insulinum glulisinum,Jā,Jā,S4,,,,,,
Apidra,EU/1/04/285/007,Šķīdums injekcijām,Insulinum glulisinum,Jā,Jā,S4,,,,,,
Apidra,EU/1/04/285/008,Šķīdums injekcijām,Insulinum glulisinum,Jā,Jā,S4,,,,,,
Apidra,EU/1/04/285/009,Šķīdums injekcijām,Insulinum glulisinum,Jā,Jā,S4,,,,,,
Apidra,EU/1/04/285/010,Šķīdums injekcijām,Insulinum glulisinum,Jā,Jā,S4,,,,,,
Apidra,EU/1/04/285/011,Šķīdums injekcijām,Insulinum glulisinum,Jā,Jā,S4,,,,,,
Apidra,EU/1/04/285/012,Šķīdums injekcijām,Insulinum glulisinum,Jā,Jā,S4,,,,,,
Apidra,EU/1/04/285/013,Šķīdums injekcijām,Insulinum glulisinum,Jā,Jā,S4,,,,,,
Apidra,EU/1/04/285/014,Šķīdums injekcijām,Insulinum glulisinum,Jā,Jā,S4,,,,,,
Apidra,EU/1/04/285/015,Šķīdums injekcijām,Insulinum glulisinum,Jā,Jā,S4,,,,,,
Apidra,EU/1/04/285/016,Šķīdums injekcijām,Insulinum glulisinum,Jā,Jā,S4,,,,,,
Apidra,EU/1/04/285/017,Šķīdums injekcijām,Insulinum glulisinum,Jā,Jā,S4,,,,,,
Apidra,EU/1/04/285/018,Šķīdums injekcijām,Insulinum glulisinum,Jā,Jā,S4,,,,,,
Apidra,EU/1/04/285/019,Šķīdums injekcijām,Insulinum glulisinum,Jā,Jā,S4,,,,,,
Apidra,EU/1/04/285/020,Šķīdums injekcijām,Insulinum glulisinum,Jā,Jā,S4,,,,,,
Apidra,EU/1/04/285/021,Šķīdums injekcijām,Insulinum glulisinum,Jā,Jā,S4,,,,,,
Apidra,EU/1/04/285/022,Šķīdums injekcijām,Insulinum glulisinum,Jā,Jā,S4,,,,,,
Apidra,EU/1/04/285/023,Šķīdums injekcijām,Insulinum glulisinum,Jā,Jā,S4,,,,,,
Apidra,EU/1/04/285/024,Šķīdums injekcijām,Insulinum glulisinum,Jā,Jā,S4,,,,,,
Apidra,EU/1/04/285/025,Šķīdums injekcijām,Insulinum glulisinum,Jā,Jā,S4,,,,,,
Apidra,EU/1/04/285/026,Šķīdums injekcijām,Insulinum glulisinum,Jā,Jā,S4,,,,,,
Apidra,EU/1/04/285/027,Šķīdums injekcijām,Insulinum glulisinum,Jā,Jā,S4,,,,,,
Apidra,EU/1/04/285/028,Šķīdums injekcijām,Insulinum glulisinum,Jā,Jā,S4,,,,,,
Apidra SoloStar,EU/1/04/285/029,Šķīdums injekcijām,Insulinum glulisinum,Jā,Jā,S4,,,,,,
Apidra SoloStar,EU/1/04/285/030,Šķīdums injekcijām,Insulinum glulisinum,Jā,Jā,S4,,,,,,
Apidra SoloStar,EU/1/04/285/031,Šķīdums injekcijām,Insulinum glulisinum,Jā,Jā,S4,,,,,,
Apidra SoloStar,EU/1/04/285/032,Šķīdums injekcijām,Insulinum glulisinum,Jā,Jā,S4,,,,,,
Apidra SoloStar,EU/1/04/285/033,Šķīdums injekcijām,Insulinum glulisinum,Jā,Jā,S4,,,,,,
Apidra SoloStar,EU/1/04/285/034,Šķīdums injekcijām,Insulinum glulisinum,Jā,Jā,S4,,,,,,
Apidra SoloStar,EU/1/04/285/035,Šķīdums injekcijām,Insulinum glulisinum,Jā,Jā,S4,,,,,,
Apidra SoloStar,EU/1/04/285/036,Šķīdums injekcijām,Insulinum glulisinum,Jā,Jā,S4,,,,,,
Conbriza,EU/1/09/511/001,Apvalkotās tabletes,Bazedoxifenum,Jā,Jā,S4,,,,,,
Conbriza,EU/1/09/511/002,Apvalkotās tabletes,Bazedoxifenum,Jā,Jā,S4,,,,,,
Conbriza,EU/1/09/511/003,Apvalkotās tabletes,Bazedoxifenum,Jā,Jā,S4,,,,,,
Conbriza,EU/1/09/511/004,Apvalkotās tabletes,Bazedoxifenum,Jā,Jā,S4,,,,,,
Conbriza,EU/1/09/511/005,Apvalkotās tabletes,Bazedoxifenum,Jā,Jā,S4,,,,,,
Raloxifene Teva,EU/1/10/627/001,Apvalkotās tabletes,Raloxifenum,Jā,Jā,S4,,,,,,
Raloxifene Teva,EU/1/10/627/002,Apvalkotās tabletes,Raloxifenum,Jā,Jā,S4,,,,,,
Raloxifene Teva,EU/1/10/627/003,Apvalkotās tabletes,Raloxifenum,Jā,Jā,S4,,,,,,
Ryzodeg,EU/1/12/806/001,Šķīdums injekcijām,"Insulinum degludecum, Insulinum aspartum",Jā,Jā,S4,,,,,,
Ryzodeg,EU/1/12/806/002,Šķīdums injekcijām,"Insulinum degludecum, Insulinum aspartum",Jā,Jā,S4,,,,,,
Ryzodeg,EU/1/12/806/003,Šķīdums injekcijām,"Insulinum degludecum, Insulinum aspartum",Jā,Jā,S4,,,,,,
Ryzodeg,EU/1/12/806/004,Šķīdums injekcijām,"Insulinum degludecum, Insulinum aspartum",Jā,Jā,S4,,,,,,
Ryzodeg,EU/1/12/806/005,Šķīdums injekcijām,"Insulinum degludecum, Insulinum aspartum",Jā,Jā,S4,,,,,,
Ryzodeg,EU/1/12/806/007,Šķīdums injekcijām,"Insulinum degludecum, Insulinum aspartum",Jā,Jā,S4,,,,,,
Ryzodeg,EU/1/12/806/008,Šķīdums injekcijām,"Insulinum degludecum, Insulinum aspartum",Jā,Jā,S4,,,,,,
Tresiba,EU/1/12/807/001,Šķīdums injekcijām,Insulinum degludecum,Jā,Jā,S4,,,,,,
Tresiba,EU/1/12/807/002,Šķīdums injekcijām,Insulinum degludecum,Jā,Jā,S4,,,,,,
Tresiba,EU/1/12/807/003,Šķīdums injekcijām,Insulinum degludecum,Jā,Jā,S4,,,,,,
Tresiba,EU/1/12/807/004,Šķīdums injekcijām,Insulinum degludecum,Jā,Jā,S4,,,,,,
Tresiba,EU/1/12/807/005,Šķīdums injekcijām,Insulinum degludecum,Jā,Jā,S4,,,,,,
Tresiba,EU/1/12/807/006,Šķīdums injekcijām,Insulinum degludecum,Jā,Jā,S4,,,,,,
Tresiba,EU/1/12/807/007,Šķīdums injekcijām,Insulinum degludecum,Jā,Jā,S4,,,,,,
Tresiba,EU/1/12/807/008,Šķīdums injekcijām,Insulinum degludecum,Jā,Jā,S4,,,,,,
Tresiba,EU/1/12/807/009,Šķīdums injekcijām,Insulinum degludecum,Jā,Jā,S4,,,,,,
Tresiba,EU/1/12/807/010,Šķīdums injekcijām,Insulinum degludecum,Jā,Jā,S4,,,,,,
Tresiba,EU/1/12/807/012,Šķīdums injekcijām,Insulinum degludecum,Jā,Jā,S4,,,,,,
Tresiba,EU/1/12/807/013,Šķīdums injekcijām,Insulinum degludecum,Jā,Jā,S4,,,,,,
Tresiba,EU/1/12/807/015,Šķīdums injekcijām,Insulinum degludecum,Jā,Jā,S4,,,,,,
Tresiba,EU/1/12/807/016,Šķīdums injekcijām,Insulinum degludecum,Jā,Jā,S4,,,,,,
Abasaglar,EU/1/14/944/001,Šķīdums injekcijām,Insulinum glarginum,Jā,Jā,S4,,,,,,
Abasaglar,EU/1/14/944/002,Šķīdums injekcijām,Insulinum glarginum,Jā,Jā,S4,,,,,,
Abasaglar,EU/1/14/944/003,Šķīdums injekcijām,Insulinum glarginum,Jā,Jā,S4,,,,,,
Abasaglar,EU/1/14/944/004,Šķīdums injekcijām,Insulinum glarginum,Jā,Jā,S4,,,,,,
Abasaglar,EU/1/14/944/005,Šķīdums injekcijām,Insulinum glarginum,Jā,Jā,S4,,,,,,
Abasaglar,EU/1/14/944/006,Šķīdums injekcijām,Insulinum glarginum,Jā,Jā,S4,,,,,,
Abasaglar,EU/1/14/944/007,Šķīdums injekcijām,Insulinum glarginum,Jā,Jā,S4,,,,,,
Abasaglar,EU/1/14/944/008,Šķīdums injekcijām,Insulinum glarginum,Jā,Jā,S4,,,,,,
Abasaglar,EU/1/14/944/009,Šķīdums injekcijām,Insulinum glarginum,Jā,Jā,S4,,,,,,
Abasaglar,EU/1/14/944/010,Šķīdums injekcijām,Insulinum glarginum,Jā,Jā,S4,,,,,,
Abasaglar,EU/1/14/944/011,Šķīdums injekcijām,Insulinum glarginum,Jā,Jā,S4,,,,,,
Abasaglar,EU/1/14/944/012,Šķīdums injekcijām,Insulinum glarginum,Jā,Jā,S4,,,,,,
Abasaglar,EU/1/14/944/013,Šķīdums injekcijām,Insulinum glarginum,Jā,Jā,S4,,,,,,
Xultophy,EU/1/14/947/001,Šķīdums injekcijām pildspalvveida pilnšļircē,"Insulinum degludecum, Liraglutidum",Jā,Jā,S4,,,,,,
Xultophy,EU/1/14/947/002,Šķīdums injekcijām pildspalvveida pilnšļircē,"Insulinum degludecum, Liraglutidum",Jā,Jā,S4,,,,,,
Xultophy,EU/1/14/947/002-P01,Šķīdums injekcijām pildspalvveida pilnšļircē,"Insulinum degludecum, Liraglutidum",Jā,Jā,S4,,,,,,
Xultophy,EU/1/14/947/003,Šķīdums injekcijām pildspalvveida pilnšļircē,"Insulinum degludecum, Liraglutidum",Jā,Jā,S4,,,,,,
Xultophy,EU/1/14/947/004,Šķīdums injekcijām pildspalvveida pilnšļircē,"Insulinum degludecum, Liraglutidum",Jā,Jā,S4,,,,,,
Duavive,EU/1/14/960/001,Ilgstošās darbības tabletes,"Estrogeni coniuncti, Bazedoxifenum",Jā,Jā,S4,,,,,,
Senshio,EU/1/14/978/001,Apvalkotās tabletes,Ospemifenum,Jā,Jā,S4,,,,,,
Senshio,EU/1/14/978/002,Apvalkotās tabletes,Ospemifenum,Jā,Jā,S4,,,,,,
Senshio,EU/1/14/978/003,Apvalkotās tabletes,Ospemifenum,Jā,Jā,S4,,,,,,
Suliqua,EU/1/16/1157/001,Šķīdums injekcijām,"Insulinum glarginum, Lixisenatidum",Jā,Jā,S4,,,,,,
Suliqua,EU/1/16/1157/002,Šķīdums injekcijām,"Insulinum glarginum, Lixisenatidum",Jā,Jā,S4,,,,,,
Suliqua,EU/1/16/1157/003,Šķīdums injekcijām,"Insulinum glarginum, Lixisenatidum",Jā,Jā,S4,,,,,,
Suliqua,EU/1/16/1157/004,Šķīdums injekcijām,"Insulinum glarginum, Lixisenatidum",Jā,Jā,S4,,,,,,
Suliqua,EU/1/16/1157/005,Šķīdums injekcijām,"Insulinum glarginum, Lixisenatidum",Jā,Jā,S4,,,,,,
Suliqua,EU/1/16/1157/006,Šķīdums injekcijām,"Insulinum glarginum, Lixisenatidum",Jā,Jā,S4,,,,,,
Fiasp,EU/1/16/1160/001,Šķīdums injekcijām,Insulinum aspartum,Jā,Jā,S4,,,,,,
Fiasp,EU/1/16/1160/002,Šķīdums injekcijām,Insulinum aspartum,Jā,Jā,S4,,,,,,
Fiasp,EU/1/16/1160/003,Šķīdums injekcijām,Insulinum aspartum,Jā,Jā,S4,,,,,,
Fiasp,EU/1/16/1160/004,Šķīdums injekcijām,Insulinum aspartum,Jā,Jā,S4,,,,,,
Fiasp,EU/1/16/1160/005,Šķīdums injekcijām,Insulinum aspartum,Jā,Jā,S4,,,,,,
Fiasp,EU/1/16/1160/006,Šķīdums injekcijām,Insulinum aspartum,Jā,Jā,S4,,,,,,
Fiasp,EU/1/16/1160/007,Šķīdums injekcijām,Insulinum aspartum,Jā,Jā,S4,,,,,,
Fiasp,EU/1/16/1160/008,Šķīdums injekcijām,Insulinum aspartum,Jā,Jā,S4,,,,,,
Fiasp,EU/1/16/1160/009,Šķīdums injekcijām,Insulinum aspartum,Jā,Jā,S4,,,,,,
Fiasp,EU/1/16/1160/010,Šķīdums injekcijām,Insulinum aspartum,Jā,Jā,S4,,,,,,
Fiasp,EU/1/16/1160/011,Šķīdums injekcijām,Insulinum aspartum,Jā,Jā,S4,,,,,,
Lusduna,EU/1/16/1162/001,Šķīdums injekcijām,Insulinum glarginum,Jā,Jā,S4,,,,,,
Lusduna,EU/1/16/1162/002,Šķīdums injekcijām,Insulinum glarginum,Jā,Jā,S4,,,,,,
Lusduna,EU/1/16/1162/003,Šķīdums injekcijām,Insulinum glarginum,Jā,Jā,S4,,,,,,
Insulin lispro Sanofi,EU/1/17/1203/001,Šķīdums injekcijām,Insulinum lisprum,Jā,Jā,S4,,,,,,
Insulin lispro Sanofi,EU/1/17/1203/002,Šķīdums injekcijām,Insulinum lisprum,Jā,Jā,S4,,,,,,
Insulin lispro Sanofi SoloStar,EU/1/17/1203/003,Šķīdums injekcijām,Insulinum lisprum,Jā,Jā,S4,,,,,,
Insulin lispro Sanofi SoloStar,EU/1/17/1203/004,Šķīdums injekcijām,Insulinum lisprum,Jā,Jā,S4,,,,,,
Insulin lispro Sanofi SoloStar,EU/1/17/1203/005,Šķīdums injekcijām,Insulinum lisprum,Jā,Jā,S4,,,,,,
Insulin lispro Sanofi SoloStar,EU/1/17/1203/006,Šķīdums injekcijām,Insulinum lisprum,Jā,Jā,S4,,,,,,
Insulin lispro Sanofi,EU/1/17/1203/007,Šķīdums injekcijām,Insulinum lisprum,Jā,Jā,S4,,,,,,
Insulin lispro Sanofi,EU/1/17/1203/008,Šķīdums injekcijām,Insulinum lisprum,Jā,Jā,S4,,,,,,
Fulvestrant Mylan,EU/1/17/1253/001,Šķīdums injekcijām,Fulvestrantum,Jā,Jā,S4,,,,,,
Fulvestrant Mylan,EU/1/17/1253/002,Šķīdums injekcijām,Fulvestrantum,Jā,Jā,S4,,,,,,
Fulvestrant Mylan,EU/1/17/1253/003,Šķīdums injekcijām,Fulvestrantum,Jā,Jā,S4,,,,,,
Fulvestrant Mylan,EU/1/17/1253/004,Šķīdums injekcijām,Fulvestrantum,Jā,Jā,S4,,,,,,
Semglee,EU/1/18/1270/001,Šķīdums injekcijām,Insulinum glarginum,Jā,Jā,S4,,,,,,
Semglee,EU/1/18/1270/002,Šķīdums injekcijām,Insulinum glarginum,Jā,Jā,S4,,,,,,
Semglee,EU/1/18/1270/003,Šķīdums injekcijām,Insulinum glarginum,Jā,Jā,S4,,,,,,
Semglee,EU/1/18/1270/004,Šķīdums injekcijām,Insulinum glarginum,Jā,Jā,S4,,,,,,
Liumjev,EU/1/20/1422/001,Šķīdums injekcijām,Insulinum lisprum,Jā,Jā,S4,,,,,,
Liumjev,EU/1/20/1422/002,Šķīdums injekcijām,Insulinum lisprum,Jā,Jā,S4,,,,,,
Liumjev,EU/1/20/1422/003,Šķīdums injekcijām,Insulinum lisprum,Jā,Jā,S4,,,,,,
Liumjev,EU/1/20/1422/004,Šķīdums injekcijām,Insulinum lisprum,Jā,Jā,S4,,,,,,
Liumjev,EU/1/20/1422/005,Šķīdums injekcijām,Insulinum lisprum,Jā,Jā,S4,,,,,,
Liumjev,EU/1/20/1422/006,Šķīdums injekcijām,Insulinum lisprum,Jā,Jā,S4,,,,,,
Liumjev,EU/1/20/1422/007,Šķīdums injekcijām,Insulinum lisprum,Jā,Jā,S4,,,,,,
Liumjev,EU/1/20/1422/008,Šķīdums injekcijām,Insulinum lisprum,Jā,Jā,S4,,,,,,
Liumjev,EU/1/20/1422/009,Šķīdums injekcijām,Insulinum lisprum,Jā,Jā,S4,,,,,,
Liumjev,EU/1/20/1422/010,Šķīdums injekcijām,Insulinum lisprum,Jā,Jā,S4,,,,,,
Liumjev,EU/1/20/1422/011,Šķīdums injekcijām,Insulinum lisprum,Jā,Jā,S4,,,,,,
Liumjev,EU/1/20/1422/012,Šķīdums injekcijām,Insulinum lisprum,Jā,Jā,S4,,,,,,
Liumjev,EU/1/20/1422/013,Šķīdums injekcijām,Insulinum lisprum,Jā,Jā,S4,,,,,,
Liumjev,EU/1/20/1422/014,Šķīdums injekcijām,Insulinum lisprum,Jā,Jā,S4,,,,,,
Liumjev,EU/1/20/1422/015,Šķīdums injekcijām,Insulinum lisprum,Jā,Jā,S4,,,,,,
Insulin aspart Sanofi,EU/1/20/1447/001,Šķīdums injekcijām,Insulinum aspartum,Jā,Jā,S4,,,,,,
Insulin aspart Sanofi,EU/1/20/1447/002,Šķīdums injekcijām,Insulinum aspartum,Jā,Jā,S4,,,,,,
Insulin aspart Sanofi,EU/1/20/1447/003,Šķīdums injekcijām,Insulinum aspartum,Jā,Jā,S4,,,,,,
Insulin aspart Sanofi,EU/1/20/1447/004,Šķīdums injekcijām,Insulinum aspartum,Jā,Jā,S4,,,,,,
Insulin aspart Sanofi,EU/1/20/1447/005,Šķīdums injekcijām,Insulinum aspartum,Jā,Jā,S4,,,,,,
Kixelle,EU/1/20/1506/001,Šķīdums injekcijām,Insulinum aspartum,Jā,Jā,S4,,,,,,
Kixelle,EU/1/20/1506/002,Šķīdums injekcijām,Insulinum aspartum,Jā,Jā,S4,,,,,,
Kixelle,EU/1/20/1506/003,Šķīdums injekcijām,Insulinum aspartum,Jā,Jā,S4,,,,,,
Kixelle,EU/1/20/1506/004,Šķīdums injekcijām,Insulinum aspartum,Jā,Jā,S4,,,,,,
Kixelle,EU/1/20/1506/005,Šķīdums injekcijām,Insulinum aspartum,Jā,Jā,S4,,,,,,
Kixelle,EU/1/20/1506/006,Šķīdums injekcijām,Insulinum aspartum,Jā,Jā,S4,,,,,,
Kixelle,EU/1/20/1506/007,Šķīdums injekcijām,Insulinum aspartum,Jā,Jā,S4,,,,,,
Fareston,EU/1/96/004/001,Tabletes,Toremifenum,Jā,Jā,S4,,,,,,
Fareston,EU/1/96/004/002,Tabletes,Toremifenum,Jā,Jā,S4,,,,,,
Humalog,EU/1/96/007/002,Šķīdums injekcijām,Insulinum lisprum,Jā,Jā,S4,,,,,,
Humalog,EU/1/96/007/004,Šķīdums injekcijām,Insulinum lisprum,Jā,Jā,S4,,,,,,
Humalog Mix25,EU/1/96/007/005,Suspensija injekcijām,Insulinum lisprum,Jā,Jā,S4,,,,,,
Humalog Mix50,EU/1/96/007/006,Suspensija injekcijām,Insulinum lisprum,Jā,Jā,S4,,,,,,
Humalog Mix25,EU/1/96/007/008,Suspensija injekcijām,Insulinum lisprum,Jā,Jā,S4,,,,,,
Humalog NPL,EU/1/96/007/010,Suspensija injekcijām,Insulinum lisprum,Jā,Jā,S4,,,,,,
Humalog,EU/1/96/007/020,Šķīdums injekcijām,Insulinum lisprum,Jā,Jā,S4,,,,,,
Humalog,EU/1/96/007/021,Šķīdums injekcijām,Insulinum lisprum,Jā,Jā,S4,,,,,,
Humalog,EU/1/96/007/023,Šķīdums injekcijām,Insulinum lisprum,Jā,Jā,S4,,,,,,
Humalog Mix25,EU/1/96/007/024,Suspensija injekcijām,Insulinum lisprum,Jā,Jā,S4,,,,,,
Humalog Mix50,EU/1/96/007/025,Suspensija injekcijām,Insulinum lisprum,Jā,Jā,S4,,,,,,
Humalog NPL,EU/1/96/007/029,Suspensija injekcijām,Insulinum lisprum,Jā,Jā,S4,,,,,,
Humalog KwikPen,EU/1/96/007/031,Šķīdums injekcijām,Insulinum lisprum,Jā,Jā,S4,,,,,,
Humalog KwikPen,EU/1/96/007/032,Šķīdums injekcijām,Insulinum lisprum,Jā,Jā,S4,,,,,,
Humalog Mix25 KwikPen,EU/1/96/007/033,Suspensija injekcijām,Insulinum lisprum,Jā,Jā,S4,,,,,,
Humalog Mix25 KwikPen,EU/1/96/007/034,Suspensija injekcijām,Insulinum lisprum,Jā,Jā,S4,,,,,,
Humalog Mix50 KwikPen,EU/1/96/007/035,Suspensija injekcijām,Insulinum lisprum,Jā,Jā,S4,,,,,,
Humalog Mix50 KwikPen,EU/1/96/007/036,Suspensija injekcijām,Insulinum lisprum,Jā,Jā,S4,,,,,,
Humalog NPL KwikPen,EU/1/96/007/037,Suspensija injekcijām,Insulinum lisprum,Jā,Jā,S4,,,,,,
Humalog NPL KwikPen,EU/1/96/007/038,Suspensija injekcijām,Insulinum lisprum,Jā,Jā,S4,,,,,,
Humalog KwikPen,EU/1/96/007/039,Šķīdums injekcijām,Insulinum lisprum,Jā,Jā,S4,,,,,,
Humalog KwikPen,EU/1/96/007/040,Šķīdums injekcijām,Insulinum lisprum,Jā,Jā,S4,,,,,,
Humalog KwikPen,EU/1/96/007/041,Šķīdums injekcijām,Insulinum lisprum,Jā,Jā,S4,,,,,,
Humalog KwikPen,EU/1/96/007/042,Šķīdums injekcijām,Insulinum lisprum,Jā,Jā,S4,,,,,,
Humalog Junior KwikPen,EU/1/96/007/043,Šķīdums injekcijām,Insulinum lisprum,Jā,Jā,S4,,,,,,
Humalog Junior KwikPen,EU/1/96/007/044,Šķīdums injekcijām,Insulinum lisprum,Jā,Jā,S4,,,,,,
Humalog Junior KwikPen,EU/1/96/007/045,Šķīdums injekcijām,Insulinum lisprum,Jā,Jā,S4,,,,,,
Insuman Rapid,EU/1/97/030/028,Šķīdums injekcijām,Insulinum humanum,Jā,Jā,S4,,,,,,
Insuman Rapid,EU/1/97/030/029,Šķīdums injekcijām,Insulinum humanum,Jā,Jā,S4,,,,,,
Insuman Rapid,EU/1/97/030/030,Šķīdums injekcijām,Insulinum humanum,Jā,Jā,S4,,,,,,
Insuman Rapid,EU/1/97/030/031,Šķīdums injekcijām,Insulinum humanum,Jā,Jā,S4,,,,,,
Insuman Rapid,EU/1/97/030/032,Šķīdums injekcijām,Insulinum humanum,Jā,Jā,S4,,,,,,
Insuman Basal,EU/1/97/030/033,Suspensija injekcijām,Insulinum humanum,Jā,Jā,S4,,,,,,
Insuman Basal,EU/1/97/030/034,Suspensija injekcijām,Insulinum humanum,Jā,Jā,S4,,,,,,
Insuman Basal,EU/1/97/030/035,Suspensija injekcijām,Insulinum humanum,Jā,Jā,S4,,,,,,
Insuman Basal,EU/1/97/030/036,Suspensija injekcijām,Insulinum humanum,Jā,Jā,S4,,,,,,
Insuman Basal,EU/1/97/030/037,Suspensija injekcijām,Insulinum humanum,Jā,Jā,S4,,,,,,
Insuman Comb 15,EU/1/97/030/038,Suspensija injekcijām,Insulinum humanum,Jā,Jā,S4,,,,,,
Insuman Comb 15,EU/1/97/030/039,Suspensija injekcijām,Insulinum humanum,Jā,Jā,S4,,,,,,
Insuman Comb 15,EU/1/97/030/040,Suspensija injekcijām,Insulinum humanum,Jā,Jā,S4,,,,,,
Insuman Comb 15,EU/1/97/030/041,Suspensija injekcijām,Insulinum humanum,Jā,Jā,S4,,,,,,
Insuman Comb 15,EU/1/97/030/042,Suspensija injekcijām,Insulinum humanum,Jā,Jā,S4,,,,,,
Insuman Comb 25,EU/1/97/030/043,Suspensija injekcijām,Insulinum humanum,Jā,Jā,S4,,,,,,
Insuman Comb 25,EU/1/97/030/044,Suspensija injekcijām,Insulinum humanum,Jā,Jā,S4,,,,,,
Insuman Comb 25,EU/1/97/030/045,Suspensija injekcijām,Insulinum humanum,Jā,Jā,S4,,,,,,
Insuman Comb 25,EU/1/97/030/046,Suspensija injekcijām,Insulinum humanum,Jā,Jā,S4,,,,,,
Insuman Comb 25,EU/1/97/030/047,Suspensija injekcijām,Insulinum humanum,Jā,Jā,S4,,,,,,
Insuman Comb 50,EU/1/97/030/048,Suspensija injekcijām,Insulinum humanum,Jā,Jā,S4,,,,,,
Insuman Comb 50,EU/1/97/030/049,Suspensija injekcijām,Insulinum humanum,Jā,Jā,S4,,,,,,
Insuman Comb 50,EU/1/97/030/050,Suspensija injekcijām,Insulinum humanum,Jā,Jā,S4,,,,,,
Insuman Comb 50,EU/1/97/030/051,Suspensija injekcijām,Insulinum humanum,Jā,Jā,S4,,,,,,
Insuman Comb 50,EU/1/97/030/052,Suspensija injekcijām,Insulinum humanum,Jā,Jā,S4,,,,,,
Insuman Infusat,EU/1/97/030/053,Šķīdums injekcijām,Insulinum humanum,Jā,Jā,S4,,,,,,
Insuman Infusat,EU/1/97/030/054,Šķīdums injekcijām,Insulinum humanum,Jā,Jā,S4,,,,,,
Insuman Rapid,EU/1/97/030/055,Šķīdums injekcijām,Insulinum humanum,Jā,Jā,S4,,,,,,
Insuman Rapid,EU/1/97/030/056,Šķīdums injekcijām,Insulinum humanum,Jā,Jā,S4,,,,,,
Insuman Basal,EU/1/97/030/057,Suspensija injekcijām,Insulinum humanum,Jā,Jā,S4,,,,,,
Insuman Basal,EU/1/97/030/058,Suspensija injekcijām,Insulinum humanum,Jā,Jā,S4,,,,,,
Insuman Comb 15,EU/1/97/030/059,Suspensija injekcijām,Insulinum humanum,Jā,Jā,S4,,,,,,
Insuman Comb 15,EU/1/97/030/060,Suspensija injekcijām,Insulinum humanum,Jā,Jā,S4,,,,,,
Insuman Comb 25,EU/1/97/030/061,Suspensija injekcijām,Insulinum humanum,Jā,Jā,S4,,,,,,
Insuman Comb 25,EU/1/97/030/062,Suspensija injekcijām,Insulinum humanum,Jā,Jā,S4,,,,,,
Insuman Comb 50,EU/1/97/030/063,Suspensija injekcijām,Insulinum humanum,Jā,Jā,S4,,,,,,
Insuman Comb 50,EU/1/97/030/064,Suspensija injekcijām,Insulinum humanum,Jā,Jā,S4,,,,,,
Insuman Rapid,EU/1/97/030/065,"OptiSet, šķīdums injekcijām",Insulinum humanum,Jā,Jā,S4,,,,,,
Insuman Rapid,EU/1/97/030/066,"OptiSet, šķīdums injekcijām",Insulinum humanum,Jā,Jā,S4,,,,,,
Insuman Rapid,EU/1/97/030/067,"OptiSet, šķīdums injekcijām",Insulinum humanum,Jā,Jā,S4,,,,,,
Insuman Rapid,EU/1/97/030/068,"OptiSet, šķīdums injekcijām",Insulinum humanum,Jā,Jā,S4,,,,,,
Insuman Basal,EU/1/97/030/069,"OptiSet, suspensija injekcijām",Insulinum humanum,Jā,Jā,S4,,,,,,
Insuman Basal,EU/1/97/030/070,"OptiSet, suspensija injekcijām",Insulinum humanum,Jā,Jā,S4,,,,,,
Insuman Basal,EU/1/97/030/071,"OptiSet, suspensija injekcijām",Insulinum humanum,Jā,Jā,S4,,,,,,
Insuman Basal,EU/1/97/030/072,"OptiSet, suspensija injekcijām",Insulinum humanum,Jā,Jā,S4,,,,,,
Insuman Comb 15,EU/1/97/030/073,"OptiSet, suspensija injekcijām",Insulinum humanum,Jā,Jā,S4,,,,,,
Insuman Comb 15,EU/1/97/030/074,"OptiSet, suspensija injekcijām",Insulinum humanum,Jā,Jā,S4,,,,,,
Insuman Comb 15,EU/1/97/030/075,"OptiSet, suspensija injekcijām",Insulinum humanum,Jā,Jā,S4,,,,,,
Insuman Comb 15,EU/1/97/030/076,"OptiSet, suspensija injekcijām",Insulinum humanum,Jā,Jā,S4,,,,,,
Insuman Comb 25,EU/1/97/030/077,"OptiSet, suspensija injekcijām",Insulinum humanum,Jā,Jā,S4,,,,,,
Insuman Comb 25,EU/1/97/030/078,"OptiSet, suspensija injekcijām",Insulinum humanum,Jā,Jā,S4,,,,,,
Insuman Comb 25,EU/1/97/030/079,"OptiSet, suspensija injekcijām",Insulinum humanum,Jā,Jā,S4,,,,,,
Insuman Comb 25,EU/1/97/030/080,"OptiSet, suspensija injekcijām",Insulinum humanum,Jā,Jā,S4,,,,,,
Insuman Comb 50,EU/1/97/030/081,"OptiSet, suspensija injekcijām",Insulinum humanum,Jā,Jā,S4,,,,,,
Insuman Comb 50,EU/1/97/030/082,"OptiSet, suspensija injekcijām",Insulinum humanum,Jā,Jā,S4,,,,,,
Insuman Comb 50,EU/1/97/030/083,"OptiSet, suspensija injekcijām",Insulinum humanum,Jā,Jā,S4,,,,,,
Insuman Comb 50,EU/1/97/030/084,"OptiSet, suspensija injekcijām",Insulinum humanum,Jā,Jā,S4,,,,,,
Insuman Rapid,EU/1/97/030/085,Šķīdums injekcijām,Insulinum humanum,Jā,Jā,S4,,,,,,
Insuman Basal,EU/1/97/030/086,Suspensija injekcijām,Insulinum humanum,Jā,Jā,S4,,,,,,
Insuman Comb 15,EU/1/97/030/087,Suspensija injekcijām,Insulinum humanum,Jā,Jā,S4,,,,,,
Insuman Comb 25,EU/1/97/030/088,Suspensija injekcijām,Insulinum humanum,Jā,Jā,S4,,,,,,
Insuman Comb 50,EU/1/97/030/089,Suspensija injekcijām,Insulinum humanum,Jā,Jā,S4,,,,,,
Insuman Rapid,EU/1/97/030/090,Šķīdums injekcijām,Insulinum humanum,Jā,Jā,S4,,,,,,
Insuman Basal,EU/1/97/030/091,Suspensija injekcijām,Insulinum humanum,Jā,Jā,S4,,,,,,
Insuman Comb 15,EU/1/97/030/092,Suspensija injekcijām,Insulinum humanum,Jā,Jā,S4,,,,,,
Insuman Comb 25,EU/1/97/030/093,Suspensija injekcijām,Insulinum humanum,Jā,Jā,S4,,,,,,
Insuman Comb 50,EU/1/97/030/094,Suspensija injekcijām,Insulinum humanum,Jā,Jā,S4,,,,,,
Insuman Rapid,EU/1/97/030/095,Šķīdums injekcijām,Insulinum humanum,Jā,Jā,S4,,,,,,
Insuman Basal,EU/1/97/030/096,Suspensija injekcijām,Insulinum humanum,Jā,Jā,S4,,,,,,
Insuman Comb 15,EU/1/97/030/097,Suspensija injekcijām,Insulinum humanum,Jā,Jā,S4,,,,,,
Insuman Comb 25,EU/1/97/030/098,Suspensija injekcijām,Insulinum humanum,Jā,Jā,S4,,,,,,
Insuman Comb 50,EU/1/97/030/099,Suspensija injekcijām,Insulinum humanum,Jā,Jā,S4,,,,,,
Insuman Rapid,EU/1/97/030/100,"OptiSet, šķīdums injekcijām",Insulinum humanum,Jā,Jā,S4,,,,,,
Insuman Basal,EU/1/97/030/101,"OptiSet, suspensija injekcijām",Insulinum humanum,Jā,Jā,S4,,,,,,
Insuman Comb 15,EU/1/97/030/102,"OptiSet, suspensija injekcijām",Insulinum humanum,Jā,Jā,S4,,,,,,
Insuman Comb 25,EU/1/97/030/103,"OptiSet, suspensija injekcijām",Insulinum humanum,Jā,Jā,S4,,,,,,
Insuman Comb 50,EU/1/97/030/104,"OptiSet, suspensija injekcijām",Insulinum humanum,Jā,Jā,S4,,,,,,
Insuman Rapid,EU/1/97/030/105,"OptiSet, šķīdums injekcijām",Insulinum humanum,Jā,Jā,S4,,,,,,
Insuman Basal,EU/1/97/030/106,"OptiSet, suspensija injekcijām",Insulinum humanum,Jā,Jā,S4,,,,,,
Insuman Comb 15,EU/1/97/030/107,"OptiSet, suspensija injekcijām",Insulinum humanum,Jā,Jā,S4,,,,,,
Insuman Comb 25,EU/1/97/030/108,"OptiSet, suspensija injekcijām",Insulinum humanum,Jā,Jā,S4,,,,,,
Insuman Comb 50,EU/1/97/030/109,"OptiSet, suspensija injekcijām",Insulinum humanum,Jā,Jā,S4,,,,,,
Insuman Rapid,EU/1/97/030/110,Šķīdums injekcijām,Insulinum humanum,Jā,Jā,S4,,,,,,
Insuman Rapid,EU/1/97/030/111,Šķīdums injekcijām,Insulinum humanum,Jā,Jā,S4,,,,,,
Insuman Rapid,EU/1/97/030/112,Šķīdums injekcijām,Insulinum humanum,Jā,Jā,S4,,,,,,
Insuman Rapid,EU/1/97/030/113,Šķīdums injekcijām,Insulinum humanum,Jā,Jā,S4,,,,,,
Insuman Rapid,EU/1/97/030/114,Šķīdums injekcijām,Insulinum humanum,Jā,Jā,S4,,,,,,
Insuman Rapid,EU/1/97/030/115,Šķīdums injekcijām,Insulinum humanum,Jā,Jā,S4,,,,,,
Insuman Basal,EU/1/97/030/116,Suspensija injekcijām,Insulinum humanum,Jā,Jā,S4,,,,,,
Insuman Basal,EU/1/97/030/117,Suspensija injekcijām,Insulinum humanum,Jā,Jā,S4,,,,,,
Insuman Basal,EU/1/97/030/118,Suspensija injekcijām,Insulinum humanum,Jā,Jā,S4,,,,,,
Insuman Basal,EU/1/97/030/119,Suspensija injekcijām,Insulinum humanum,Jā,Jā,S4,,,,,,
Insuman Basal,EU/1/97/030/120,Suspensija injekcijām,Insulinum humanum,Jā,Jā,S4,,,,,,
Insuman Basal,EU/1/97/030/121,Suspensija injekcijām,Insulinum humanum,Jā,Jā,S4,,,,,,
Insuman Comb 15,EU/1/97/030/122,Suspensija injekcijām,Insulinum humanum,Jā,Jā,S4,,,,,,
Insuman Comb 15,EU/1/97/030/123,Suspensija injekcijām,Insulinum humanum,Jā,Jā,S4,,,,,,
Insuman Comb 15,EU/1/97/030/124,Suspensija injekcijām,Insulinum humanum,Jā,Jā,S4,,,,,,
Insuman Comb 15,EU/1/97/030/125,Suspensija injekcijām,Insulinum humanum,Jā,Jā,S4,,,,,,
Insuman Comb 15,EU/1/97/030/126,Suspensija injekcijām,Insulinum humanum,Jā,Jā,S4,,,,,,
Insuman Comb 15,EU/1/97/030/127,Suspensija injekcijām,Insulinum humanum,Jā,Jā,S4,,,,,,
Insuman Comb 25,EU/1/97/030/128,Suspensija injekcijām,Insulinum humanum,Jā,Jā,S4,,,,,,
Insuman Comb 25,EU/1/97/030/129,Suspensija injekcijām,Insulinum humanum,Jā,Jā,S4,,,,,,
Insuman Comb 25,EU/1/97/030/130,Suspensija injekcijām,Insulinum humanum,Jā,Jā,S4,,,,,,
Insuman Comb 25,EU/1/97/030/131,Suspensija injekcijām,Insulinum humanum,Jā,Jā,S4,,,,,,
Insuman Comb 25,EU/1/97/030/132,Suspensija injekcijām,Insulinum humanum,Jā,Jā,S4,,,,,,
Insuman Comb 25,EU/1/97/030/133,Suspensija injekcijām,Insulinum humanum,Jā,Jā,S4,,,,,,
Insuman Comb 50,EU/1/97/030/134,Suspensija injekcijām,Insulinum humanum,Jā,Jā,S4,,,,,,
Insuman Comb 50,EU/1/97/030/135,Suspensija injekcijām,Insulinum humanum,Jā,Jā,S4,,,,,,
Insuman Comb 50,EU/1/97/030/136,Suspensija injekcijām,Insulinum humanum,Jā,Jā,S4,,,,,,
Insuman Comb 50,EU/1/97/030/137,Suspensija injekcijām,Insulinum humanum,Jā,Jā,S4,,,,,,
Insuman Comb 50,EU/1/97/030/138,Suspensija injekcijām,Insulinum humanum,Jā,Jā,S4,,,,,,
Insuman Comb 50,EU/1/97/030/139,Suspensija injekcijām,Insulinum humanum,Jā,Jā,S4,,,,,,
Insuman Rapid,EU/1/97/030/140,Šķīdums injekcijām,Insulinum humanum,Jā,Jā,S4,,,,,,
Insuman Rapid,EU/1/97/030/141,Šķīdums injekcijām,Insulinum humanum,Jā,Jā,S4,,,,,,
Insuman Rapid,EU/1/97/030/142,Šķīdums injekcijām,Insulinum humanum,Jā,Jā,S4,,,,,,
Insuman Rapid,EU/1/97/030/143,Šķīdums injekcijām,Insulinum humanum,Jā,Jā,S4,,,,,,
Insuman Rapid,EU/1/97/030/144,Šķīdums injekcijām,Insulinum humanum,Jā,Jā,S4,,,,,,
Insuman Rapid,EU/1/97/030/145,Šķīdums injekcijām,Insulinum humanum,Jā,Jā,S4,,,,,,
Insuman Basal SoloStar,EU/1/97/030/146,Suspensija injekcijām,Insulinum humanum,Jā,Jā,S4,,,,,,
Insuman Basal SoloStar,EU/1/97/030/147,Suspensija injekcijām,Insulinum humanum,Jā,Jā,S4,,,,,,
Insuman Basal SoloStar,EU/1/97/030/148,Suspensija injekcijām,Insulinum humanum,Jā,Jā,S4,,,,,,
Insuman Basal SoloStar,EU/1/97/030/149,Suspensija injekcijām,Insulinum humanum,Jā,Jā,S4,,,,,,
Insuman Basal SoloStar,EU/1/97/030/150,Suspensija injekcijām,Insulinum humanum,Jā,Jā,S4,,,,,,
Insuman Basal SoloStar,EU/1/97/030/151,Suspensija injekcijām,Insulinum humanum,Jā,Jā,S4,,,,,,
Insuman Comb 15 SoloStar,EU/1/97/030/152,Suspensija injekcijām,Insulinum humanum,Jā,Jā,S4,,,,,,
Insuman Comb 15 SoloStar,EU/1/97/030/153,Suspensija injekcijām,Insulinum humanum,Jā,Jā,S4,,,,,,
Insuman Comb 15 SoloStar,EU/1/97/030/154,Suspensija injekcijām,Insulinum humanum,Jā,Jā,S4,,,,,,
Insuman Comb 15 SoloStar,EU/1/97/030/155,Suspensija injekcijām,Insulinum humanum,Jā,Jā,S4,,,,,,
Insuman Comb 15 SoloStar,EU/1/97/030/156,Suspensija injekcijām,Insulinum humanum,Jā,Jā,S4,,,,,,
Insuman Comb 15 SoloStar,EU/1/97/030/157,Suspensija injekcijām,Insulinum humanum,Jā,Jā,S4,,,,,,
Insuman Comb 25,EU/1/97/030/158,Suspensija injekcijām,Insulinum humanum,Jā,Jā,S4,,,,,,
Insuman Comb 25,EU/1/97/030/159,Suspensija injekcijām,Insulinum humanum,Jā,Jā,S4,,,,,,
Insuman Comb 25,EU/1/97/030/160,Suspensija injekcijām,Insulinum humanum,Jā,Jā,S4,,,,,,
Insuman Comb 25,EU/1/97/030/161,Suspensija injekcijām,Insulinum humanum,Jā,Jā,S4,,,,,,
Insuman Comb 25,EU/1/97/030/162,Suspensija injekcijām,Insulinum humanum,Jā,Jā,S4,,,,,,
Insuman Comb 25,EU/1/97/030/163,Suspensija injekcijām,Insulinum humanum,Jā,Jā,S4,,,,,,
Insuman Comb 50,EU/1/97/030/164,Suspensija injekcijām,Insulinum humanum,Jā,Jā,S4,,,,,,
Insuman Comb 50,EU/1/97/030/165,Suspensija injekcijām,Insulinum humanum,Jā,Jā,S4,,,,,,
Insuman Comb 50,EU/1/97/030/166,Suspensija injekcijām,Insulinum humanum,Jā,Jā,S4,,,,,,
Insuman Comb 50,EU/1/97/030/167,Suspensija injekcijām,Insulinum humanum,Jā,Jā,S4,,,,,,
Insuman Comb 50,EU/1/97/030/168,Suspensija injekcijām,Insulinum humanum,Jā,Jā,S4,,,,,,
Insuman Comb 50,EU/1/97/030/169,Suspensija injekcijām,Insulinum humanum,Jā,Jā,S4,,,,,,
Insuman Comb 30,EU/1/97/030/170,Suspensija injekcijām,Insulinum humanum,Jā,Jā,S4,,,,,,
Insuman Comb 30,EU/1/97/030/171,Suspensija injekcijām,Insulinum humanum,Jā,Jā,S4,,,,,,
Insuman Comb 30,EU/1/97/030/172,Suspensija injekcijām,Insulinum humanum,Jā,Jā,S4,,,,,,
Insuman Comb 30,EU/1/97/030/173,Suspensija injekcijām,Insulinum humanum,Jā,Jā,S4,,,,,,
Insuman Comb 30,EU/1/97/030/174,Suspensija injekcijām,Insulinum humanum,Jā,Jā,S4,,,,,,
Insuman Comb 30,EU/1/97/030/175,Suspensija injekcijām,Insulinum humanum,Jā,Jā,S4,,,,,,
Insuman Comb 30,EU/1/97/030/176,Suspensija injekcijām,Insulinum humanum,Jā,Jā,S4,,,,,,
Insuman Comb 30,EU/1/97/030/177,Suspensija injekcijām,Insulinum humanum,Jā,Jā,S4,,,,,,
Insuman Comb 30,EU/1/97/030/178,Suspensija injekcijām,Insulinum humanum,Jā,Jā,S4,,,,,,
Insuman Comb 30,EU/1/97/030/179,Suspensija injekcijām,Insulinum humanum,Jā,Jā,S4,,,,,,
Insuman Comb 30,EU/1/97/030/180,Suspensija injekcijām,Insulinum humanum,Jā,Jā,S4,,,,,,
Insuman Comb 30,EU/1/97/030/181,Suspensija injekcijām,Insulinum humanum,Jā,Jā,S4,,,,,,
Insuman Comb 30,EU/1/97/030/182,Suspensija injekcijām,Insulinum humanum,Jā,Jā,S4,,,,,,
Insuman Comb 30,EU/1/97/030/183,Suspensija injekcijām,Insulinum humanum,Jā,Jā,S4,,,,,,
Insuman Comb 30,EU/1/97/030/184,Suspensija injekcijām,Insulinum humanum,Jā,Jā,S4,,,,,,
Insuman Comb 30,EU/1/97/030/185,Suspensija injekcijām,Insulinum humanum,Jā,Jā,S4,,,,,,
Insuman Comb 30,EU/1/97/030/186,Suspensija injekcijām,Insulinum humanum,Jā,Jā,S4,,,,,,
Insuman Comb 30,EU/1/97/030/187,Suspensija injekcijām,Insulinum humanum,Jā,Jā,S4,,,,,,
Insuman Comb 30,EU/1/97/030/188,Suspensija injekcijām,Insulinum humanum,Jā,Jā,S4,,,,,,
Insuman Comb 30,EU/1/97/030/189,Suspensija injekcijām,Insulinum humanum,Jā,Jā,S4,,,,,,
Insuman Comb 30,EU/1/97/030/190,Suspensija injekcijām,Insulinum humanum,Jā,Jā,S4,,,,,,
Insuman Comb 30,EU/1/97/030/191,Suspensija injekcijām,Insulinum humanum,Jā,Jā,S4,,,,,,
Insuman Comb 30,EU/1/97/030/192,Suspensija injekcijām,Insulinum humanum,Jā,Jā,S4,,,,,,
Insuman Comb 30,EU/1/97/030/193,Suspensija injekcijām,Insulinum humanum,Jā,Jā,S4,,,,,,
Insuman Comb 30,EU/1/97/030/194,Suspensija injekcijām,Insulinum humanum,Jā,Jā,S4,,,,,,
Insuman Comb 30,EU/1/97/030/195,Suspensija injekcijām,Insulinum humanum,Jā,Jā,S4,,,,,,
Insuman Rapid,EU/1/97/030/196,Šķīdums injekcijām,Insulinum humanum,Jā,Jā,S4,,,,,,
Insuman Rapid,EU/1/97/030/197,Šķīdums injekcijām,Insulinum humanum,Jā,Jā,S4,,,,,,
Insuman Basal,EU/1/97/030/198,Suspensija injekcijām,Insulinum humanum,Jā,Jā,S4,,,,,,
Insuman Basal,EU/1/97/030/199,Suspensija injekcijām,Insulinum humanum,Jā,Jā,S4,,,,,,
Insuman Comb 30,EU/1/97/030/200,Suspensija injekcijām,Insulinum humanum,Jā,Jā,S4,,,,,,
Insuman Comb 30,EU/1/97/030/201,Suspensija injekcijām,Insulinum humanum,Jā,Jā,S4,,,,,,
Insuman Implantable,EU/1/97/030/202,Šķīdums infūzijām,Insulinum humanum,Jā,Jā,S4,,,,,,
Insuman Implantable,EU/1/97/030/203,Šķīdums infūzijām,Insulinum humanum,Jā,Jā,S4,,,,,,
Evista,EU/1/98/073/001,Apvalkotās tabletes,Raloxifeni hydrochloridum,Jā,Jā,S4,,,,,,
Evista,EU/1/98/073/002,Apvalkotās tabletes,Raloxifeni hydrochloridum,Jā,Jā,S4,,,,,,
Evista,EU/1/98/073/003,Apvalkotās tabletes,Raloxifeni hydrochloridum,Jā,Jā,S4,,,,,,
Evista,EU/1/98/073/004,Apvalkotās tabletes,Raloxifeni hydrochloridum,Jā,Jā,S4,,,,,,
Optruma,EU/1/98/074/001,Apvalkotās tabletes,Raloxifenum,Jā,Jā,S4,,,,,,
Optruma,EU/1/98/074/002,Apvalkotās tabletes,Raloxifenum,Jā,Jā,S4,,,,,,
Optruma,EU/1/98/074/003,Apvalkotās tabletes,Raloxifenum,Jā,Jā,S4,,,,,,
Optruma,EU/1/98/074/004,Apvalkotās tabletes,Raloxifenum,Jā,Jā,S4,,,,,,
NovoRapid,EU/1/99/119/001,Šķīdums injekcijām,Insulinum aspartum,Jā,Jā,S4,,,,,,
NovoRapid Penfill,EU/1/99/119/003,Šķīdums injekcijām,Insulinum aspartum,Jā,Jā,S4,,,,,,
NovoRapid Penfill,EU/1/99/119/006,Šķīdums injekcijām,Insulinum aspartum,Jā,Jā,S4,,,,,,
NovoRapid,EU/1/99/119/008,Šķīdums injekcijām,Insulinum aspartum,Jā,Jā,S4,,,,,,
NovoRapid FlexPen,EU/1/99/119/009,Šķīdums injekcijām,Insulinum aspartum,Jā,Jā,S4,,,,,,
NovoRapid FlexPen,EU/1/99/119/010,Šķīdums injekcijām,Insulinum aspartum,Jā,Jā,S4,,,,,,
NovoRapid FlexPen,EU/1/99/119/011,Šķīdums injekcijām,Insulinum aspartum,Jā,Jā,S4,,,,,,
NovoRapid InnoLet,EU/1/99/119/012,Šķīdums injekcijām,Insulinum aspartum,Jā,Jā,S4,,,,,,
NovoRapid InnoLet,EU/1/99/119/013,Šķīdums injekcijām,Insulinum aspartum,Jā,Jā,S4,,,,,,
NovoRapid InnoLet,EU/1/99/119/014,Šķīdums injekcijām,Insulinum aspartum,Jā,Jā,S4,,,,,,
NovoRapid,EU/1/99/119/015,Šķīdums injekcijām,Insulinum aspartum,Jā,Jā,S4,,,,,,
NovoRapid FlexPen,EU/1/99/119/017,Šķīdums injekcijām,Insulinum aspartum,Jā,Jā,S4,,,,,,
NovoRapid FlexPen,EU/1/99/119/018,Šķīdums injekcijām,Insulinum aspartum,Jā,Jā,S4,,,,,,
NovoRapid FlexTouch,EU/1/99/119/019,Šķīdums injekcijām,Insulinum aspartum,Jā,Jā,S4,,,,,,
NovoRapid FlexTouch,EU/1/99/119/020,Šķīdums injekcijām,Insulinum aspartum,Jā,Jā,S4,,,,,,
NovoRapid FlexTouch,EU/1/99/119/021,Šķīdums injekcijām,Insulinum aspartum,Jā,Jā,S4,,,,,,
NovoRapid FlexTouch,EU/1/99/119/022,Šķīdums injekcijām,Insulinum aspartum,Jā,Jā,S4,,,,,,
NovoRapid FlexTouch,EU/1/99/119/023,Šķīdums injekcijām,Insulinum aspartum,Jā,Jā,S4,,,,,,
NovoRapid PumpCart,EU/1/99/119/024,Šķīdums injekcijām,Insulinum aspartum,Jā,Jā,S4,,,,,,
NovoRapid PumpCart,EU/1/99/119/025,Šķīdums injekcijām,Insulinum aspartum,Jā,Jā,S4,,,,,,
Preductal MR ilgstošās darbības tabletes,I000417,Ilgstošās darbības tabletes,Trimetazidini dihydrochloridum,Jā,Jā,S4,,,,,,
Preductal MR ilgstošās darbības tabletes,I000443,Ilgstošās darbības tabletes,Trimetazidini dihydrochloridum,Jā,Jā,S4,,,,,,
Clostilbegyt 50 mg tabletes,I000698,Tabletes,Clomipheni citras,Jā,Jā,S4,,,,,,
Clostilbegyt 50 mg tabletes,I000838,Tabletes,Clomipheni citras,Jā,Jā,S4,,,,,,
Preductal MR 35 mg modificētas darbības tabletes,I000859,Modificētās darbības tablete,Trimetazidini dihydrochloridum,Jā,Jā,S4,,,,,,
Clostilbegyt 50 mg tabletes,I000950,Tabletes,Clomipheni citras,Jā,Jā,S4,,,,,,
Preductal MR 35 mg modificētas darbības tabletes,I001029,Modificētās darbības tablete,Trimetazidini dihydrochloridum,Jā,Jā,S4,,,,,,
Clostilbegyt 50 mg tabletes,I001091,Tabletes,Clomipheni citras,Jā,Jā,S4,,,,,,
Anastrozolo Teva 1 mg apvalkotās tabletes,I001108,Apvalkotās tabletes,Anastrozolum,Jā,Jā,S4,,,,,,
Verospiron 50 mg cietās kapsulas,00-0897,Cietās kapsulas,Spironolactonum,Jā,Jā,S5,,,,,,
Mannitol Fresenius 10% šķīdums infūzijām,01-0003,Šķīdums infūzijām,Mannitolum,Jā,Jā,S5,,,,,,
Mannitol Fresenius 15% šķīdums infūzijām,01-0004,Šķīdums infūzijām,Mannitolum,Jā,Jā,S5,,,,,,
"Accuzide 10 mg/12,5 mg apvalkotās tabletes",01-0279,Apvalkotās tabletes,"Quinaprilum, Hydrochlorothiazidum",Jā,Jā,S5,,,,,,
"Accuzide 20 mg/12,5 mg apvalkotās tabletes",01-0280,Apvalkotās tabletes,"Quinaprilum, Hydrochlorothiazidum",Jā,Jā,S5,,,,,,
"Indatens 2,5 mg cietās kapsulas",02-0233,Cietās kapsulas,Indapamidum,Jā,Jā,S5,,,,,,
"Co-Diovan 160 mg/12,5 mg apvalkotās tabletes",02-0393,Apvalkotās tabletes,"Valsartanum, Hydrochlorothiazidum",Jā,Jā,S5,,,,,,
Co-Diovan 160 mg/25 mg apvalkotās tabletes,02-0394,Apvalkotās tabletes,"Valsartanum, Hydrochlorothiazidum",Jā,Jā,S5,,,,,,
Cilvēka albumīna 20% šķīdums infūzijām,02-0462,Šķīdums infūzijām,Albuminum humanum,Jā,Jā,S5,,,,,,
"Monozide 20 mg/12,5 mg tabletes",03-0033,Tabletes,"Fosinoprilum natricum, Hydrochlorothiazidum",Jā,Jā,S5,,,,,,
"Proindap 2,5 mg cietās kapsulas",03-0079,Cietās kapsulas,Indapamidum,Jā,Jā,S5,,,,,,
Voluven 6% šķīdums infūzijām,03-0177,Šķīdums infūzijām,"Poly(O-2-hydroxyethyl) amylum, Natrii chloridum",Jā,Jā,S5,,,,,,
Spirogamma 100 mg tabletes,03-0308,Tabletes,Spironolactonum,Jā,Jā,S5,,,,,,
"Dextran 40 Fresenius 10%, šķīdums infūzijām",03-0349,Šķīdums infūzijām,Dextranum,Jā,Jā,S5,,,,,,
"EnaHexal Comp 20 mg/12,5 mg tabletes",04-0091,Tabletes,"Enalaprili maleas, Hydrochlorothiazidum",Jā,Jā,S5,,,,,,
Co-Ramicor 5 mg/25 mg tabletes,04-0184,Tabletes,"Ramiprilum, Hydrochlorothiazidum",Jā,Jā,S5,,,,,,
Torasemide HEXAL 50 mg tabletes,05-0004,Tabletes,Torasemidum,Jā,Jā,S5,,,,,,
Torasemide HEXAL 100 mg tabletes,05-0005,Tabletes,Torasemidum,Jā,Jā,S5,,,,,,
Torasemide HEXAL 200 mg tabletes,05-0006,Tabletes,Torasemidum,Jā,Jā,S5,,,,,,
"Enap-HL 20 mg/12,5 mg tabletes",05-0041,Tabletes,"Enalaprili maleas, Hydrochlorothiazidum",Jā,Jā,S5,,,,,,
"Tertensif SR 1,5 mg ilgstošās darbības apvalkotās tabletes",05-0157,Ilgstošās darbības apvalkotās tabletes,Indapamidum,Jā,Jā,S5,,,,,,
Furosemide Sopharma 10 mg/ml šķīdums injekcijām,05-0219,Šķīdums injekcijām,Furosemidum,Jā,Jā,S5,,,,,,
Torasemide Teva 5 mg tabletes,05-0220,Tabletes,Torasemidum,Jā,Jā,S5,,,,,,
Torasemide Teva 10 mg tabletes,05-0221,Tabletes,Torasemidum,Jā,Jā,S5,,,,,,
"Rawel SR 1,5 mg ilgstošās darbības apvalkotās tabletes",05-0457,Ilgstošās darbības apvalkotās tabletes,Indapamidum,Jā,Jā,S5,,,,,,
"Ampril HL 2,5 mg/12,5 mg tabletes",05-0552,Tabletes,"Ramiprilum, Hydrochlorothiazidum",Jā,Jā,S5,,,,,,
Ampril HD 5 mg/25 mg tabletes,05-0553,Tabletes,"Ramiprilum, Hydrochlorothiazidum",Jā,Jā,S5,,,,,,
"Mesar Plus 20 mg/12,5 mg apvalkotās tabletes",05-0631,Apvalkotās tabletes,"Olmesartanum medoxomilum, Hydrochlorothiazidum",Jā,Jā,S5,,,,,,
Mesar Plus 20 mg/25 mg apvalkotās tabletes,05-0632,Apvalkotās tabletes,"Olmesartanum medoxomilum, Hydrochlorothiazidum",Jā,Jā,S5,,,,,,
Glypressin 1 mg pulveris un šķīdinātājs injekciju šķīduma pagatavošanai,06-0025,Pulveris un šķīdinātājs injekciju šķīduma pagatavošanai,Terlipressini acetas,Jā,Jā,S5,,,,,,
Inspra 25 mg apvalkotās tabletes,06-0048,Apvalkotās tabletes,Eplerenonum,Jā,Jā,S5,,,,,,
Inspra 50 mg apvalkotās tabletes,06-0049,Apvalkotās tabletes,Eplerenonum,Jā,Jā,S5,,,,,,
Minirin 60 mikrogrami liofilizāts iekšķīgai lietošanai,06-0163,Liofilizāts iekšķīgai lietošanai,Desmopressinum,Jā,Jā,S5,,,,,,
Minirin 120 mikrogrami liofilizāts iekšķīgai lietošanai,06-0164,Liofilizāts iekšķīgai lietošanai,Desmopressinum,Jā,Jā,S5,,,,,,
Minirin 240 mikrogrami liofilizāts iekšķīgai lietošanai,06-0165,Liofilizāts iekšķīgai lietošanai,Desmopressinum,Jā,Jā,S5,,,,,,
Tetraspan 60 mg/ml šķīdums infūzijām,06-0246,Šķīdums infūzijām,"Hydroxyethylamylum, Natrii chloridum, Kalii chloridum, Calcii chloridum dihydricum, Magnesii chloridum hexahydricum, Natrii acetas trihydricus, Acidum L-malicum",Jā,Jā,S5,,,,,,
Tetraspan 100 mg/ml šķīdums infūzijām,06-0247,Šķīdums infūzijām,"Hydroxyethylamylum, Natrii chloridum, Kalii chloridum, Calcii chloridum dihydricum, Magnesii chloridum hexahydricum, Natrii acetas trihydricus, Acidum L-malicum",Jā,Jā,S5,,,,,,
Albumin Baxalta 50 g/l šķīdums infūzijām,06-0248,Šķīdums infūzijām,Albuminum humanum,Jā,Jā,S5,,,,,,
Albumin Baxalta 200 g/l šķīdums infūzijām,06-0249,Šķīdums infūzijām,Albuminum humanum,Jā,Jā,S5,,,,,,
"Noliprel Arginine 2,5 mg/0,625 mg apvalkotās tabletes",07-0015,Apvalkotās tabletes,"Perindoprili argininum, Indapamidum",Jā,Jā,S5,,,,,,
"Noliprel Forte Arginine 5 mg/1,25 mg apvalkotās tabletes",07-0016,Apvalkotās tabletes,"Perindoprili argininum, Indapamidum",Jā,Jā,S5,,,,,,
"Prestarium Combi Arginine 5 mg/1,25 mg apvalkotās tabletes",07-0018,Apvalkotās tabletes,"Perindoprili argininum, Indapamidum",Jā,Jā,S5,,,,,,
"Fosinopril HCT Actavis 20 mg/12,5 mg tabletes",07-0082,Tabletes,"Fosinoprilum natricum, Hydrochlorothiazidum",Jā,Jā,S5,,,,,,
Hartil HCT 5 mg/25 mg tabletes,07-0083,Tabletes,"Ramiprilum, Hydrochlorothiazidum",Jā,Jā,S5,,,,,,
CosmoFer 50 mg/ml šķīdums infūzijām un injekcijām,07-0132,Šķīdums injekcijām un infūzijām,Ferri hydroxidum dextrani complexus,Jā,Jā,S5,,,,,,
Flexbumin 200 g/l šķīdums infūzijām,07-0154,Šķīdums infūzijām,Albuminum humanum,Jā,Jā,S5,,,,,,
"Prenewel 2 mg/0,625 mg tabletes",07-0369,Tabletes,"Tert-butylamini perindoprilum, Indapamidum",Jā,Jā,S5,,,,,,
"Prenewel 4 mg/1,25 mg tabletes",07-0370,Tabletes,"Tert-butylamini perindoprilum, Indapamidum",Jā,Jā,S5,,,,,,
"Ramimed HCT 2,5 mg/12,5 mg tabletes",08-0075,Tabletes,"Ramiprilum, Hydrochlorothiazidum",Jā,Jā,S5,,,,,,
Ramimed HCT 5 mg/25 mg tabletes,08-0076,Tabletes,"Ramiprilum, Hydrochlorothiazidum",Jā,Jā,S5,,,,,,
Volulyte 6% šķīdums infūzijām,08-0103,Šķīdums infūzijām,"Poly(O-2-hydroxyethyl) amylum, Natrii acetas trihydricus, Natrii chloridum, Kalii chloridum, Magnesii chloridum hexahydricum",Jā,Jā,S5,,,,,,
"Indapen SR 1,5 mg ilgstošās darbības tabletes",08-0313,Ilgstošās darbības apvalkotās tabletes,Indapamidum,Jā,Jā,S5,,,,,,
"Perindap 4 mg/1,25 mg tabletes",09-0016,Tabletes,"Tert-butylamini perindoprilum, Indapamidum",Jā,Jā,S5,,,,,,
"Noliterax 10 mg/2,5 mg apvalkotās tabletes",09-0050,Apvalkotās tabletes,"Perindoprili argininum, Indapamidum",Jā,Jā,S5,,,,,,
"Indapamide Orion 1,5 mg ilgstošās darbības tabletes",09-0057,Ilgstošās darbības tabletes,Indapamidum,Jā,Jā,S5,,,,,,
"Tensart HCT 80/12,5 mg apvalkotās tabletes",09-0084,Apvalkotās tabletes,"Valsartanum, Hydrochlorothiazidum",Jā,Jā,S5,,,,,,
"Tensart HCT 160/12,5 mg apvalkotās tabletes",09-0085,Apvalkotās tabletes,"Valsartanum, Hydrochlorothiazidum",Jā,Jā,S5,,,,,,
Tensart HCT 160/25 mg apvalkotās tabletes,09-0086,Apvalkotās tabletes,"Valsartanum, Hydrochlorothiazidum",Jā,Jā,S5,,,,,,
"Lozap H 50 mg/12,5 mg apvalkotās tabletes",09-0089,Apvalkotās tabletes,"Losartanum kalicum, Hydrochlorothiazidum",Jā,Jā,S5,,,,,,
Albunorm 50 g/l šķīdums infūzijām,09-0106,Šķīdums infūzijām,Albuminum humanum,Jā,Jā,S5,,,,,,
Albunorm 200 g/l šķīdums infūzijām,09-0107,Šķīdums infūzijām,Albuminum humanum,Jā,Jā,S5,,,,,,
"Indapamide Actavis 1,5 mg ilgstošās darbības tabletes",09-0117,Ilgstošās darbības tabletes,Indapamidum,Jā,Jā,S5,,,,,,
Accuzide 20 mg/25 mg apvalkotās tabletes,09-0488,Apvalkotās tabletes,"Quinaprilum, Hydrochlorothiazidum",Jā,Jā,S5,,,,,,
"Valsacombi 80 mg/12,5 mg apvalkotās tabletes",09-0515,Apvalkotās tabletes,"Valsartanum, Hydrochlorothiazidum",Jā,Jā,S5,,,,,,
"Valsacombi 160 mg/12,5 mg apvalkotās tabletes",09-0516,Apvalkotās tabletes,"Valsartanum, Hydrochlorothiazidum",Jā,Jā,S5,,,,,,
Valsacombi 160 mg/25 mg apvalkotās tabletes,09-0517,Apvalkotās tabletes,"Valsartanum, Hydrochlorothiazidum",Jā,Jā,S5,,,,,,
"Quinapril/HCT Teva 20 mg/12,5 mg apvalkotās tabletes",09-0532,Apvalkotās tabletes,"Quinaprilum, Hydrochlorothiazidum",Jā,Jā,S5,,,,,,
"Indamax 1,5 mg ilgstošās darbības tabletes",10-0006,Ilgstošās darbības tabletes,Indapamidum,Jā,Jā,S5,,,,,,
"Lorista H 50 mg/12,5 mg apvalkotās tabletes",10-0095,Apvalkotās tabletes,"Losartanum kalicum, Hydrochlorothiazidum",Jā,Jā,S5,,,,,,
Lorista H 100 mg/25 mg apvalkotās tabletes,10-0096,Apvalkotās tabletes,"Losartanum kalicum, Hydrochlorothiazidum",Jā,Jā,S5,,,,,,
"Mesar Plus 40 mg/12,5 mg apvalkotās tabletes",10-0145,Apvalkotās tabletes,"Olmesartanum medoxomilum, Hydrochlorothiazidum",Jā,Jā,S5,,,,,,
Mesar Plus 40 mg/25 mg apvalkotās tabletes,10-0146,Apvalkotās tabletes,"Olmesartanum medoxomilum, Hydrochlorothiazidum",Jā,Jā,S5,,,,,,
Torasemide Hexal 10 mg tabletes,10-0167,Tabletes,Torasemidum,Jā,Jā,S5,,,,,,
"Co-Perineva 2 mg/0,625 mg tabletes",10-0235,Tabletes,"Tert-butylamini perindoprilum, Indapamidum",Jā,Jā,S5,,,,,,
"Co-Perineva 4 mg/1,25 mg tabletes",10-0236,Tabletes,"Tert-butylamini perindoprilum, Indapamidum",Jā,Jā,S5,,,,,,
"Prenewel 8 mg/2,5 mg tabletes",10-0251,Tabletes,"Tert-butylamini perindoprilum, Indapamidum",Jā,Jā,S5,,,,,,
"Prescanden HCT 16 mg/12,5 mg tabletes",10-0266,Tabletes,"Candesartanum cilexetilum, Hydrochlorothiazidum",Jā,Jā,S5,,,,,,
"Prescanden HCT 8 mg/12,5 mg tabletes",10-0267,Tabletes,"Candesartanum cilexetilum, Hydrochlorothiazidum",Jā,Jā,S5,,,,,,
"Lorista H 100 mg/12,5 mg apvalkotās tabletes",10-0373,Apvalkotās tabletes,"Losartanum kalicum, Hydrochlorothiazidum",Jā,Jā,S5,,,,,,
"Perindopril arginine/Indapamide Servier 10 mg/2,5 mg apvalkotās tabletes",10-0487,Apvalkotās tabletes,"Perindoprili argininum, Indapamidum",Jā,Jā,S5,,,,,,
Glypressin 1 mg šķīdums injekcijām,10-0584,Šķīdums injekcijām,Terlipressini acetas,Jā,Jā,S5,,,,,,
"Sanoral HCT 20 mg/5 mg/12,5 mg apvalkotās tabletes",11-0034,Apvalkotās tabletes,"Olmesartanum medoxomilum, Amlodipinum, Hydrochlorothiazidum",Jā,Jā,S5,,,,,,
"Sanoral HCT 40 mg/10 mg/12,5 mg apvalkotās tabletes",11-0035,Apvalkotās tabletes,"Olmesartanum medoxomilum, Amlodipinum, Hydrochlorothiazidum",Jā,Jā,S5,,,,,,
Sanoral HCT 40 mg/10 mg/25 mg apvalkotās tabletes,11-0036,Apvalkotās tabletes,"Olmesartanum medoxomilum, Amlodipinum, Hydrochlorothiazidum",Jā,Jā,S5,,,,,,
"Sanoral HCT 40 mg/5 mg/12,5 mg apvalkotās tabletes",11-0037,Apvalkotās tabletes,"Olmesartanum medoxomilum, Amlodipinum, Hydrochlorothiazidum",Jā,Jā,S5,,,,,,
Sanoral HCT 40 mg/5 mg/25 mg apvalkotās tabletes,11-0038,Apvalkotās tabletes,"Olmesartanum medoxomilum, Amlodipinum, Hydrochlorothiazidum",Jā,Jā,S5,,,,,,
"Valsacombi 320 mg/12,5 mg apvalkotās tabletes",11-0048,Apvalkotās tabletes,"Valsartanum, Hydrochlorothiazidum",Jā,Jā,S5,,,,,,
Valsacombi 320 mg/25 mg apvalkotās tabletes,11-0049,Apvalkotās tabletes,"Valsartanum, Hydrochlorothiazidum",Jā,Jā,S5,,,,,,
"Co-Perineva 8 mg/2,5 mg tabletes",11-0058,Tabletes,"Tert-butylamini perindoprilum, Indapamidum",Jā,Jā,S5,,,,,,
"Valsartan/hydrochlorothiazide Krka 160 mg/12,5 mg apvalkotās tabletes",11-0088,Apvalkotās tabletes,"Valsartanum, Hydrochlorothiazidum",Jā,Jā,S5,,,,,,
Valsartan/hydrochlorothiazide Krka 160 mg/25 mg apvalkotās tabletes,11-0089,Apvalkotās tabletes,"Valsartanum, Hydrochlorothiazidum",Jā,Jā,S5,,,,,,
"Valsartan/hydrochlorothiazide Krka 320 mg/12,5 mg apvalkotās tabletes",11-0090,Apvalkotās tabletes,"Valsartanum, Hydrochlorothiazidum",Jā,Jā,S5,,,,,,
Valsartan/hydrochlorothiazide Krka 320 mg/25 mg apvalkotās tabletes,11-0091,Apvalkotās tabletes,"Valsartanum, Hydrochlorothiazidum",Jā,Jā,S5,,,,,,
"Valsartan/hydrochlorothiazide Krka 80 mg/12,5 mg apvalkotās tabletes",11-0092,Apvalkotās tabletes,"Valsartanum, Hydrochlorothiazidum",Jā,Jā,S5,,,,,,
"Quinapril/Hydrochlorothiazid Aurobindo 10 mg/12,5 mg apvalkotās tabletes",11-0157,Apvalkotās tabletes,"Quinaprilum, Hydrochlorothiazidum",Jā,Jā,S5,,,,,,
"Quinapril/Hydrochlorothiazid Aurobindo 20 mg/12,5 mg apvalkotās tabletes",11-0158,Apvalkotās tabletes,"Quinaprilum, Hydrochlorothiazidum",Jā,Jā,S5,,,,,,
Quinapril/Hydrochlorothiazid Aurobindo 20 mg/25 mg apvalkotās tabletes,11-0159,Apvalkotās tabletes,"Quinaprilum, Hydrochlorothiazidum",Jā,Jā,S5,,,,,,
"Vanatex HCT 80 mg/12,5 mg apvalkotās tabletes",11-0161,Apvalkotās tabletes,"Valsartanum, Hydrochlorothiazidum",Jā,Jā,S5,,,,,,
"Vanatex HCT 160 mg/12,5 mg apvalkotās tabletes",11-0162,Apvalkotās tabletes,"Valsartanum, Hydrochlorothiazidum",Jā,Jā,S5,,,,,,
Vanatex HCT 160 mg/25 mg apvalkotās tabletes,11-0163,Apvalkotās tabletes,"Valsartanum, Hydrochlorothiazidum",Jā,Jā,S5,,,,,,
Valsol plus 160 mg/25 mg apvalkotās tabletes,11-0186,Apvalkotās tabletes,"Valsartanum, Hydrochlorothiazidum",Jā,Jā,S5,,,,,,
"Valsol plus 80 mg/12,5 mg apvalkotās tabletes",11-0187,Apvalkotās tabletes,"Valsartanum, Hydrochlorothiazidum",Jā,Jā,S5,,,,,,
"Candesartan HCT Actavis 16 mg/12,5 mg tabletes",11-0257,Tabletes,"Candesartanum cilexetilum, Hydrochlorothiazidum",Jā,Jā,S5,,,,,,
"Atacand Plus 16 mg/12,5 mg tabletes",11-0413,Tabletes,"Candesartanum cilexetilum, Hydrochlorothiazidum",Jā,Jā,S5,,,,,,
"Carzan HCT 16 mg/12,5 mg tabletes",12-0020,Tabletes,"Candesartanum cilexetilum, Hydrochlorothiazidum",Jā,Jā,S5,,,,,,
"Co-Olimestra 20 mg/12,5 mg apvalkotās tabletes",12-0178,Apvalkotās tabletes,"Olmesartanum medoxomilum, Hydrochlorothiazidum",Jā,Jā,S5,,,,,,
Co-Olimestra 20 mg/25 mg apvalkotās tabletes,12-0179,Apvalkotās tabletes,"Olmesartanum medoxomilum, Hydrochlorothiazidum",Jā,Jā,S5,,,,,,
"Co-Olimestra 40 mg/12,5 mg apvalkotās tabletes",12-0180,Apvalkotās tabletes,"Olmesartanum medoxomilum, Hydrochlorothiazidum",Jā,Jā,S5,,,,,,
Co-Olimestra 40 mg/25 mg apvalkotās tabletes,12-0181,Apvalkotās tabletes,"Olmesartanum medoxomilum, Hydrochlorothiazidum",Jā,Jā,S5,,,,,,
Furosemide Unifarma 10 mg/ml šķīdums injekcijām/infūzijām,12-0219,Šķīdums injekcijām/infūzijām,Furosemidum,Jā,Jā,S5,,,,,,
"Candesartan cilexetil/Hydrochlorothiazide Teva 16 mg/12,5 mg tabletes",12-0282,Tabletes,"Candesartanum cilexetilum, Hydrochlorothiazidum",Jā,Jā,S5,,,,,,
"Osaver HCT 20 mg/12,5 mg apvalkotās tabletes",13-0023,Apvalkotās tabletes,"Olmesartanum medoxomilum, Hydrochlorothiazidum",Jā,Jā,S5,,,,,,
"Osaver HCT 40 mg/12,5 mg apvalkotās tabletes",13-0025,Apvalkotās tabletes,"Olmesartanum medoxomilum, Hydrochlorothiazidum",Jā,Jā,S5,,,,,,
"Perindopril/Indapamide Teva 2,5 mg/0,625 mg apvalkotās tabletes",13-0088,Apvalkotās tabletes,"Perindoprili tosilas, Indapamidum",Jā,Jā,S5,,,,,,
"Perindopril/Indapamide Teva 5 mg/1,25 mg apvalkotās tabletes",13-0089,Apvalkotās tabletes,"Perindoprili tosilas, Indapamidum",Jā,Jā,S5,,,,,,
"Prescanden HCT 32 mg/12,5 mg tabletes",13-0108,Tabletes,"Candesartanum cilexetilum, Hydrochlorothiazidum",Jā,Jā,S5,,,,,,
Prescanden HCT 32 mg/25 mg tabletes,13-0109,Tabletes,"Candesartanum cilexetilum, Hydrochlorothiazidum",Jā,Jā,S5,,,,,,
"Zofistar Plus 30 mg/12,5 mg apvalkotās tabletes",13-0177,Apvalkotās tabletes,"Zofenoprilum calcium, Hydrochlorothiazidum",Jā,Jā,S5,,,,,,
"Telmisartan/Hydrochlorothiazide Billev 40 mg/12,5 mg tabletes",13-0191,Tabletes,"Telmisartanum, Hydrochlorothiazidum",Jā,Jā,S5,,,,,,
"Telmisartan/Hydrochlorothiazide Billev 80 mg/12,5 mg tabletes",13-0192,Tabletes,"Telmisartanum, Hydrochlorothiazidum",Jā,Jā,S5,,,,,,
Telmisartan/Hydrochlorothiazide Billev 80 mg/25 mg tabletes,13-0193,Tabletes,"Telmisartanum, Hydrochlorothiazidum",Jā,Jā,S5,,,,,,
"Tertensam 1,5 mg/5 mg ilgstošās darbības tabletes",13-0246,Ilgstošās darbības tabletes,"Indapamidum, Amlodipinum",Jā,Jā,S5,,,,,,
"Tertensam 1,5 mg/10 mg ilgstošās darbības tabletes",13-0247,Ilgstošās darbības tabletes,"Indapamidum, Amlodipinum",Jā,Jā,S5,,,,,,
"Tezeo HCT 80 mg/12,5 mg tabletes",13-0248,Tabletes,"Telmisartanum, Hydrochlorothiazidum",Jā,Jā,S5,,,,,,
"Co-Amlessa 2 mg/5 mg/0,625 mg tabletes",14-0025,Tabletes,"Tert-butylamini perindoprilum, Amlodipinum, Indapamidum",Jā,Jā,S5,,,,,,
"Co-Amlessa 4 mg/5 mg/1,25 mg tabletes",14-0026,Tabletes,"Tert-butylamini perindoprilum, Amlodipinum, Indapamidum",Jā,Jā,S5,,,,,,
"Co-Amlessa 4 mg/10 mg/1,25 mg tabletes",14-0027,Tabletes,"Tert-butylamini perindoprilum, Amlodipinum, Indapamidum",Jā,Jā,S5,,,,,,
"Co-Amlessa 8 mg/5 mg/2,5 mg tabletes",14-0028,Tabletes,"Tert-butylamini perindoprilum, Amlodipinum, Indapamidum",Jā,Jā,S5,,,,,,
"Co-Amlessa 8 mg/10 mg/2,5 mg tabletes",14-0029,Tabletes,"Tert-butylamini perindoprilum, Amlodipinum, Indapamidum",Jā,Jā,S5,,,,,,
"Arplexam 5 mg/1,25 mg/5 mg apvalkotās tabletes",14-0052,Apvalkotās tabletes,"Perindoprili argininum, Indapamidum, Amlodipinum",Jā,Jā,S5,,,,,,
"Arplexam 5 mg/1,25 mg/10 mg apvalkotās tabletes",14-0053,Apvalkotās tabletes,"Perindoprili argininum, Indapamidum, Amlodipinum",Jā,Jā,S5,,,,,,
"Arplexam 10 mg/2,5 mg/5 mg apvalkotās tabletes",14-0054,Apvalkotās tabletes,"Perindoprili argininum, Indapamidum, Amlodipinum",Jā,Jā,S5,,,,,,
"Arplexam 10 mg/2,5 mg/10 mg apvalkotās tabletes",14-0055,Apvalkotās tabletes,"Perindoprili argininum, Indapamidum, Amlodipinum",Jā,Jā,S5,,,,,,
"Triplixam 5 mg/1,25 mg/5 mg apvalkotās tabletes",14-0057,Apvalkotās tabletes,"Perindoprili argininum, Indapamidum, Amlodipinum",Jā,Jā,S5,,,,,,
"Triplixam 5 mg/1,25 mg/10 mg apvalkotās tabletes",14-0058,Apvalkotās tabletes,"Perindoprili argininum, Indapamidum, Amlodipinum",Jā,Jā,S5,,,,,,
"Triplixam 10 mg/2,5 mg/5 mg apvalkotās tabletes",14-0059,Apvalkotās tabletes,"Perindoprili argininum, Indapamidum, Amlodipinum",Jā,Jā,S5,,,,,,
"Triplixam 10 mg/2,5 mg/10 mg apvalkotās tabletes",14-0060,Apvalkotās tabletes,"Perindoprili argininum, Indapamidum, Amlodipinum",Jā,Jā,S5,,,,,,
"Candisil HCT 8 mg/12,5 mg tabletes",14-0075,Tabletes,"Candesartanum cilexetilum, Hydrochlorothiazidum",Jā,Jā,S5,,,,,,
"Candisil HCT 16 mg/12,5 mg tabletes",14-0076,Tabletes,"Candesartanum cilexetilum, Hydrochlorothiazidum",Jā,Jā,S5,,,,,,
"Candisil HCT 32 mg/12,5 mg tabletes",14-0077,Tabletes,"Candesartanum cilexetilum, Hydrochlorothiazidum",Jā,Jā,S5,,,,,,
Candisil HCT 32 mg/25 mg tabletes,14-0078,Tabletes,"Candesartanum cilexetilum, Hydrochlorothiazidum",Jā,Jā,S5,,,,,,
"Telmisartan/Hydrochlorothiazide Teva Pharma 80 mg/12,5 mg tabletes",14-0104,Tabletes,"Telmisartanum, Hydrochlorothiazidum",Jā,Jā,S5,,,,,,
"Canocombi 8 mg/12,5 mg tabletes",15-0010,Tabletes,"Candesartanum cilexetilum, Hydrochlorothiazidum",Jā,Jā,S5,,,,,,
"Canocombi 16 mg/12,5 mg tabletes",15-0011,Tabletes,"Candesartanum cilexetilum, Hydrochlorothiazidum",Jā,Jā,S5,,,,,,
"Canocombi 32 mg/12,5 mg tabletes",15-0012,Tabletes,"Candesartanum cilexetilum, Hydrochlorothiazidum",Jā,Jā,S5,,,,,,
Canocombi 32 mg/25 mg tabletes,15-0013,Tabletes,"Candesartanum cilexetilum, Hydrochlorothiazidum",Jā,Jā,S5,,,,,,
Eplerenone Accord 25 mg apvalkotās tabletes,15-0254,Apvalkotās tabletes,Eplerenonum,Jā,Jā,S5,,,,,,
Eplerenone Accord 50 mg apvalkotās tabletes,15-0255,Apvalkotās tabletes,Eplerenonum,Jā,Jā,S5,,,,,,
Plecard 25 mg apvalkotās tabletes,16-0021,Apvalkotās tabletes,Eplerenonum,Jā,Jā,S5,,,,,,
Plecard 50 mg apvalkotās tabletes,16-0022,Apvalkotās tabletes,Eplerenonum,Jā,Jā,S5,,,,,,
Spironolactone Accord 25 mg apvalkotās tabletes,16-0043,Apvalkotās tabletes,Spironolactonum,Jā,Jā,S5,,,,,,
Spironolactone Accord 50 mg apvalkotās tabletes,16-0044,Apvalkotās tabletes,Spironolactonum,Jā,Jā,S5,,,,,,
Spironolactone Accord 100 mg apvalkotās tabletes,16-0045,Apvalkotās tabletes,Spironolactonum,Jā,Jā,S5,,,,,,
"Telmitex 40 mg/12,5 mg tabletes",16-0066,Tabletes,"Telmisartanum, Hydrochlorothiazidum",Jā,Jā,S5,,,,,,
"Telmitex 80 mg/12,5 mg tabletes",16-0067,Tabletes,"Telmisartanum, Hydrochlorothiazidum",Jā,Jā,S5,,,,,,
Telmitex 80 mg/25 mg tabletes,16-0068,Tabletes,"Telmisartanum, Hydrochlorothiazidum",Jā,Jā,S5,,,,,,
"Telmisartan/Hydrochlorothiazide Accord 40 mg/12,5 mg tabletes",16-0085,Tabletes,"Telmisartanum, Hydrochlorothiazidum",Jā,Jā,S5,,,,,,
"Telmisartan/Hydrochlorothiazide Accord 80 mg/12,5 mg tabletes",16-0086,Tabletes,"Telmisartanum, Hydrochlorothiazidum",Jā,Jā,S5,,,,,,
Telmisartan/Hydrochlorothiazide Accord 80 mg/25 mg tabletes,16-0087,Tabletes,"Telmisartanum, Hydrochlorothiazidum",Jā,Jā,S5,,,,,,
Nokdirna 25 mikrogrami liofilizāts iekšķīgai lietošanai,16-0169,Liofilizāts iekšķīgai lietošanai,Desmopressinum,Jā,Jā,S5,,,,,,
Nokdirna 50 mikrogrami liofilizāts iekšķīgai lietošanai,16-0170,Liofilizāts iekšķīgai lietošanai,Desmopressinum,Jā,Jā,S5,,,,,,
"Perindopril/Indapamide Teva 10 mg/2,5 mg apvalkotās tabletes",17-0018,Apvalkotās tabletes,"Perindoprili tosilas, Indapamidum",Jā,Jā,S5,,,,,,
Furosemide Norameda 10 mg/ml šķīdums injekcijām/infūzijām,17-0263,Šķīdums injekcijām/infūzijām,Furosemidum,Jā,Jā,S5,,,,,,
Empesin 40 SV/2ml koncentrāts infūziju šķīduma pagatavošanai,18-0060,Koncentrāts infūziju šķīduma pagatavošanai,Argipressinum,Jā,Jā,S5,,,,,,
"Tricorlix 7 mg/5 mg/2,5 mg apvalkotās tabletes",18-0074,Apvalkotās tabletes,"Perindoprili argininum, Amlodipinum, Indapamidum",Jā,Jā,S5,,,,,,
Enplerasa 25 mg apvalkotās tabletes,18-0114,Apvalkotās tabletes,Eplerenonum,Jā,Jā,S5,,,,,,
Enplerasa 50 mg apvalkotās tabletes,18-0115,Apvalkotās tabletes,Eplerenonum,Jā,Jā,S5,,,,,,
"Triemma 10 mg/4 mg/1,25 mg apvalkotās tabletes",18-0133,Apvalkotâs tabletes,"Rosuvastatinum, Tert-butylamini perindoprilum, Indapamidum",Jā,Jā,S5,,,,,,
"Triemma 20 mg/4 mg/1,25 mg apvalkotās tabletes",18-0134,Apvalkotâs tabletes,"Rosuvastatinum, Tert-butylamini perindoprilum, Indapamidum",Jā,Jā,S5,,,,,,
"Triemma 10 mg/8 mg/2,5 mg apvalkotās tabletes",18-0135,Apvalkotās tabletes,"Rosuvastatinum, Tert-butylamini perindoprilum, Indapamidum",Jā,Jā,S5,,,,,,
"Triemma 20 mg/8 mg/2,5 mg apvalkotās tabletes",18-0136,Apvalkotās tabletes,"Rosuvastatinum, Tert-butylamini perindoprilum, Indapamidum",Jā,Jā,S5,,,,,,
"Valtricom 5 mg/160 mg/12,5 mg apvalkotās tabletes",19-0042,Apvalkotās tabletes,"Amlodipinum, Valsartanum, Hydrochlorothiazidum",Jā,Jā,S5,,,,,,
Valtricom 10 mg/320 mg/25 mg apvalkotās tabletes,19-0046,Apvalkotās tabletes,"Amlodipinum, Valsartanum, Hydrochlorothiazidum",Jā,Jā,S5,,,,,,
"Ramdacordia HCT 5 mg/5 mg/12,5 mg cietās kapsulas",19-0048,Cietās kapsulas,"Ramiprilum, Amlodipinum, Hydrochlorothiazidum",Jā,Jā,S5,,,,,,
Ramdacordia HCT 5 mg/5 mg/25 mg cietās kapsulas,19-0049,Cietās kapsulas,"Ramiprilum, Amlodipinum, Hydrochlorothiazidum",Jā,Jā,S5,,,,,,
Ramdacordia HCT 10 mg/5 mg/25 mg cietās kapsulas,19-0050,Cietās kapsulas,"Ramiprilum, Amlodipinum, Hydrochlorothiazidum",Jā,Jā,S5,,,,,,
Ramdacordia HCT 10 mg/10 mg/25 mg cietās kapsulas,19-0051,Cietās kapsulas,"Ramiprilum, Amlodipinum, Hydrochlorothiazidum",Jā,Jā,S5,,,,,,
"Dipperam HCT 5 mg/160 mg/12,5 mg apvalkotās tabletes",19-0164,Apvalkotā tablete,"Amlodipinum, Valsartanum, Hydrochlorothiazidum",Jā,Jā,S5,,,,,,
"Dipperam HCT 10 mg/160 mg/12,5 mg apvalkotās tabletes",19-0165,Apvalkotā tablete,"Amlodipinum, Valsartanum, Hydrochlorothiazidum",Jā,Jā,S5,,,,,,
Dipperam HCT 5 mg/160 mg/25 mg apvalkotās tabletes,19-0166,Apvalkotā tablete,"Amlodipinum, Valsartanum, Hydrochlorothiazidum",Jā,Jā,S5,,,,,,
Dipperam HCT 10 mg/160 mg/25 mg apvalkotās tabletes,19-0167,Apvalkotā tablete,"Amlodipinum, Valsartanum, Hydrochlorothiazidum",Jā,Jā,S5,,,,,,
Dipperam HCT 10 mg/320 mg/25 mg apvalkotās tabletes,19-0168,Apvalkotā tablete,"Amlodipinum, Valsartanum, Hydrochlorothiazidum",Jā,Jā,S5,,,,,,
"Amlodipine/Valsartan/Hydrochlorothiazide Teva 10mg/160mg/12,5 mg apvalkotās tabletes",20-0051,Apvalkotā tablete,"Amlodipinum, Valsartanum, Hydrochlorothiazidum",Jā,Jā,S5,,,,,,
"Gaduar 20 mg/5 mg/12,5 mg apvalkotās tabletes",20-0053,Apvalkotā tablete,"Olmesartanum medoxomilum, Amlodipinum, Hydrochlorothiazidum",Jā,Jā,S5,,,,,,
"Gaduar 40 mg/5 mg/12,5 mg apvalkotās tabletes",20-0054,Apvalkotā tablete,"Olmesartanum medoxomilum, Amlodipinum, Hydrochlorothiazidum",Jā,Jā,S5,,,,,,
"Gaduar 40 mg/10 mg/12,5 mg apvalkotās tabletes",20-0055,Apvalkotā tablete,"Olmesartanum medoxomilum, Amlodipinum, Hydrochlorothiazidum",Jā,Jā,S5,,,,,,
"Olmesartan medoxomil/Amlodipine/Hydrochlorothiazide Accord 20 mg/5 mg/12,5 mg apvalkotās tabletes",20-0065,Apvalkotā tablete,"Olmesartanum medoxomilum, Amlodipinum, Hydrochlorothiazidum",Jā,Jā,S5,,,,,,
"Olmesartan medoxomil/Amlodipine/Hydrochlorothiazide Accord 40 mg/5 mg/12,5 mg apvalkotās tabletes",20-0066,Apvalkotā tablete,"Olmesartanum medoxomilum, Amlodipinum, Hydrochlorothiazidum",Jā,Jā,S5,,,,,,
"Olmesartan medoxomil/Amlodipine/Hydrochlorothiazide Accord 40 mg/10 mg/12,5 mg apvalkotās tabletes",20-0067,Apvalkotā tablete,"Olmesartanum medoxomilum, Amlodipinum, Hydrochlorothiazidum",Jā,Jā,S5,,,,,,
"Olsitri 20 mg/5 mg/12,5 mg apvalkotās tabletes",20-0070,Apvalkotā tablete,"Olmesartanum medoxomilum, Amlodipinum, Hydrochlorothiazidum",Jā,Jā,S5,,,,,,
"Olsitri 40 mg/5 mg/12,5 mg apvalkotās tabletes",20-0071,Apvalkotā tablete,"Olmesartanum medoxomilum, Amlodipinum, Hydrochlorothiazidum",Jā,Jā,S5,,,,,,
Olsitri 40 mg/5 mg/25 mg apvalkotās tabletes,20-0072,Apvalkotā tablete,"Olmesartanum medoxomilum, Amlodipinum, Hydrochlorothiazidum",Jā,Jā,S5,,,,,,
"Olsitri 40 mg/10 mg/12,5 mg apvalkotās tabletes",20-0073,Apvalkotā tablete,"Olmesartanum medoxomilum, Amlodipinum, Hydrochlorothiazidum",Jā,Jā,S5,,,,,,
Olsitri 40 mg/10 mg/25 mg apvalkotās tabletes,20-0074,Apvalkotā tablete,"Olmesartanum medoxomilum, Amlodipinum, Hydrochlorothiazidum",Jā,Jā,S5,,,,,,
Human Albumin CSL Behring 200 g/l šķīdums infūzijām,20-0083,Šķīdums infūzijām,Albuminum humanum,Jā,Jā,S5,,,,,,
"Amlodipine/Valsartan/Hydrochlorothiazide Teva 5 mg/160 mg/12,5 mg apvalkotās tabletes",20-0093,Apvalkotā tablete,"Amlodipinum, Valsartanum, Hydrochlorothiazidum",Jā,Jā,S5,,,,,,
Furosemide Kalceks 10 mg/ml šķīdums injekcijām/infūzijām,20-0102,Šķīdums injekcijām/infūzijām,Furosemidum,Jā,Jā,S5,,,,,,
"Olmesartan medoxomil/Amlodipine/Hydrochlorthiazide Teva 20 mg/5 mg/12,5 mg apvalkotās tabletes",20-0146,Apvalkotā tablete,"Olmesartanum medoxomilum, Amlodipinum, Hydrochlorothiazidum",Jā,Jā,S5,,,,,,
"Olmesartan medoxomil/Amlodipine/Hydrochlorthiazide Teva 40 mg/5 mg/12,5 mg apvalkotās tabletes",20-0147,Apvalkotā tablete,"Olmesartanum medoxomilum, Amlodipinum, Hydrochlorothiazidum",Jā,Jā,S5,,,,,,
"Olmesartan medoxomil/Amlodipine/Hydrochlorthiazide Teva 40 mg/10 mg/12,5 mg apvalkotās tabletes",20-0148,Apvalkotā tablete,"Olmesartanum medoxomilum, Amlodipinum, Hydrochlorothiazidum",Jā,Jā,S5,,,,,,
"Prindal 4 mg/1,25 mg/5 mg tabletes",21-0127,Tablete,"Tert-butylamini perindoprilum, Indapamidum, Amlodipinum",Jā,Jā,S5,,,,,,
"Prindal 4 mg/1,25 mg/10 mg tabletes",21-0128,Tablete,"Tert-butylamini perindoprilum, Indapamidum, Amlodipinum",Jā,Jā,S5,,,,,,
"Prindal 8 mg/2,5 mg/5 mg tabletes",21-0129,Tablete,"Tert-butylamini perindoprilum, Indapamidum, Amlodipinum",Jā,Jā,S5,,,,,,
"Prindal 8 mg/2,5 mg/10 mg tabletes",21-0130,Tablete,"Tert-butylamini perindoprilum, Indapamidum, Amlodipinum",Jā,Jā,S5,,,,,,
"Perindopril arginine/indapamide TAD 5 mg/1,25 mg tabletes",21-0203,Tablete,"Perindoprili argininum, Indapamidum",Jā,Jā,S5,,,,,,
"Perindopril arginine/indapamide TAD 10 mg/2,5 mg tabletes",21-0204,Tablete,"Perindoprili argininum, Indapamidum",Jā,Jā,S5,,,,,,
Cilvēka albumīns BTS 50 g/l šķīdums infūzijām,95-0330,Šķīdums infūzijām,Albuminum humanum,Jā,Jā,S5,,,,,,
Verospiron 25 mg tabletes,96-0141,Tabletes,Spironolactonum,Jā,Jā,S5,,,,,,
Diacarb 250 mg tabletes,96-0205,Tabletes,Acetazolamidum,Jā,Jā,S5,,,,,,
"Normatens 5 mg + 0,5 mg + 0,1 mg apvalkotās tabletes",96-0576,Apvalkotās tabletes,"Clopamidum, Dihydroergocristinum, Reserpinum",Jā,Jā,S5,,,,,,
Enap-H 10 mg/25 mg tabletes,97-0575,Tabletes,"Enalaprili maleas, Hydrochlorothiazidum",Jā,Jā,S5,,,,,,
"Enap-HL 10 mg/12,5 mg tabletes",97-0576,Tabletes,"Enalaprili maleas, Hydrochlorothiazidum",Jā,Jā,S5,,,,,,
Octostim 15 mikrogrami/ml šķīdums injekcijām,97-0611,Šķīdums injekcijām,Desmopressini acetas,Jā,Jā,S5,,,,,,
"Minirin 0,1 mg tabletes",97-0612,Tabletes,Desmopressini acetas,Jā,Jā,S5,,,,,,
"Minirin 0,2 mg tabletes",97-0613,Tabletes,Desmopressini acetas,Jā,Jā,S5,,,,,,
"Minirin 10 mikrogrami/devā deguna aerosols, šķīdums",98-0040,"Deguna aerosols, šķīdums",Desmopressini acetas,Jā,Jā,S5,,,,,,
Furosemīds Olainfarm 40 mg tabletes,98-0192,Tabletes,Furosemidum,Jā,Jā,S5,,,,,,
Ferrum Lek 50 mg/ml šķīdums injekcijām,98-0280,Šķīdums injekcijām,Ferri hydroxidum dextrani complexus,Jā,Jā,S5,,,,,,
"Co-Diovan 80 mg/12,5 mg apvalkotās tabletes",98-0310,Apvalkotās tabletes,"Valsartanum, Hydrochlorothiazidum",Jā,Jā,S5,,,,,,
Spirix 25 mg tabletes,99-0352,Tabletes,Spironolactonum,Jā,Jā,S5,,,,,,
Spirix 50 mg tabletes,99-0353,Tabletes,Spironolactonum,Jā,Jā,S5,,,,,,
Spirix 100 mg tabletes,99-0354,Tabletes,Spironolactonum,Jā,Jā,S5,,,,,,
Trifas 10 mg tabletes,99-0563,Tabletes,Torasemidum,Jā,Jā,S5,,,,,,
Trifas 20 mg/4 ml šķīdums injekcijām,99-0564,Šķīdums injekcijām,Torasemidum,Jā,Jā,S5,,,,,,
Trifas 200 mg tabletes,99-0566,Tabletes,Torasemidum,Jā,Jā,S5,,,,,,
Hypothiazid 25 mg tabletes,99-0788,Tabletes,Hydrochlorothiazidum,Jā,Jā,S5,,,,,,
MicardisPlus,EU/1/02/213/001,Tabletes,"Telmisartanum, Hydrochlorothiazidum",Jā,Jā,S5,,,,,,
MicardisPlus,EU/1/02/213/002,Tabletes,"Telmisartanum, Hydrochlorothiazidum",Jā,Jā,S5,,,,,,
MicardisPlus,EU/1/02/213/003,Tabletes,"Telmisartanum, Hydrochlorothiazidum",Jā,Jā,S5,,,,,,
MicardisPlus,EU/1/02/213/004,Tabletes,"Telmisartanum, Hydrochlorothiazidum",Jā,Jā,S5,,,,,,
MicardisPlus,EU/1/02/213/005,Tabletes,"Telmisartanum, Hydrochlorothiazidum",Jā,Jā,S5,,,,,,
MicardisPlus,EU/1/02/213/006,Tabletes,"Telmisartanum, Hydrochlorothiazidum",Jā,Jā,S5,,,,,,
MicardisPlus,EU/1/02/213/007,Tabletes,"Telmisartanum, Hydrochlorothiazidum",Jā,Jā,S5,,,,,,
MicardisPlus,EU/1/02/213/008,Tabletes,"Telmisartanum, Hydrochlorothiazidum",Jā,Jā,S5,,,,,,
MicardisPlus,EU/1/02/213/009,Tabletes,"Telmisartanum, Hydrochlorothiazidum",Jā,Jā,S5,,,,,,
MicardisPlus,EU/1/02/213/010,Tabletes,"Telmisartanum, Hydrochlorothiazidum",Jā,Jā,S5,,,,,,
MicardisPlus,EU/1/02/213/011,Tabletes,"Telmisartanum, Hydrochlorothiazidum",Jā,Jā,S5,,,,,,
MicardisPlus,EU/1/02/213/012,Tabletes,"Telmisartanum, Hydrochlorothiazidum",Jā,Jā,S5,,,,,,
MicardisPlus,EU/1/02/213/013,Tabletes,"Telmisartanum, Hydrochlorothiazidum",Jā,Jā,S5,,,,,,
MicardisPlus,EU/1/02/213/014,Tabletes,"Telmisartanum, Hydrochlorothiazidum",Jā,Jā,S5,,,,,,
MicardisPlus,EU/1/02/213/015,Tabletes,"Telmisartanum, Hydrochlorothiazidum",Jā,Jā,S5,,,,,,
MicardisPlus,EU/1/02/213/016,Tabletes,"Telmisartanum, Hydrochlorothiazidum",Jā,Jā,S5,,,,,,
MicardisPlus,EU/1/02/213/017,Tabletes,"Telmisartanum, Hydrochlorothiazidum",Jā,Jā,S5,,,,,,
MicardisPlus,EU/1/02/213/018,Tabletes,"Telmisartanum, Hydrochlorothiazidum",Jā,Jā,S5,,,,,,
MicardisPlus,EU/1/02/213/019,Tabletes,"Telmisartanum, Hydrochlorothiazidum",Jā,Jā,S5,,,,,,
MicardisPlus,EU/1/02/213/020,Tabletes,"Telmisartanum, Hydrochlorothiazidum",Jā,Jā,S5,,,,,,
MicardisPlus,EU/1/02/213/021,Tabletes,"Telmisartanum, Hydrochlorothiazidum",Jā,Jā,S5,,,,,,
MicardisPlus,EU/1/02/213/022,Tabletes,"Telmisartanum, Hydrochlorothiazidum",Jā,Jā,S5,,,,,,
MicardisPlus,EU/1/02/213/023,Tabletes,"Telmisartanum, Hydrochlorothiazidum",Jā,Jā,S5,,,,,,
Kinzalkomb,EU/1/02/214/001,Tabletes,"Telmisartanum, Hydrochlorothiazidum",Jā,Jā,S5,,,,,,
Kinzalkomb,EU/1/02/214/002,Tabletes,"Telmisartanum, Hydrochlorothiazidum",Jā,Jā,S5,,,,,,
Kinzalkomb,EU/1/02/214/003,Tabletes,"Telmisartanum, Hydrochlorothiazidum",Jā,Jā,S5,,,,,,
Kinzalkomb,EU/1/02/214/004,Tabletes,"Telmisartanum, Hydrochlorothiazidum",Jā,Jā,S5,,,,,,
Kinzalkomb,EU/1/02/214/005,Tabletes,"Telmisartanum, Hydrochlorothiazidum",Jā,Jā,S5,,,,,,
Kinzalkomb,EU/1/02/214/006,Tabletes,"Telmisartanum, Hydrochlorothiazidum",Jā,Jā,S5,,,,,,
Kinzalkomb,EU/1/02/214/007,Tabletes,"Telmisartanum, Hydrochlorothiazidum",Jā,Jā,S5,,,,,,
Kinzalkomb,EU/1/02/214/008,Tabletes,"Telmisartanum, Hydrochlorothiazidum",Jā,Jā,S5,,,,,,
Kinzalkomb,EU/1/02/214/009,Tabletes,"Telmisartanum, Hydrochlorothiazidum",Jā,Jā,S5,,,,,,
Kinzalkomb,EU/1/02/214/010,Tabletes,"Telmisartanum, Hydrochlorothiazidum",Jā,Jā,S5,,,,,,
Kinzalkomb,EU/1/02/214/011,Tabletes,"Telmisartanum, Hydrochlorothiazidum",Jā,Jā,S5,,,,,,
Kinzalkomb,EU/1/02/214/012,Tabletes,"Telmisartanum, Hydrochlorothiazidum",Jā,Jā,S5,,,,,,
Kinzalkomb,EU/1/02/214/013,Tabletes,"Telmisartanum, Hydrochlorothiazidum",Jā,Jā,S5,,,,,,
Kinzalkomb,EU/1/02/214/014,Tabletes,"Telmisartanum, Hydrochlorothiazidum",Jā,Jā,S5,,,,,,
Kinzalkomb,EU/1/02/214/015,Tabletes,"Telmisartanum, Hydrochlorothiazidum",Jā,Jā,S5,,,,,,
PritorPlus,EU/1/02/215/001,Tabletes,"Telmisartanum, Hydrochlorothiazidum",Jā,Jā,S5,,,,,,
PritorPlus,EU/1/02/215/002,Tabletes,"Telmisartanum, Hydrochlorothiazidum",Jā,Jā,S5,,,,,,
PritorPlus,EU/1/02/215/003,Tabletes,"Telmisartanum, Hydrochlorothiazidum",Jā,Jā,S5,,,,,,
PritorPlus,EU/1/02/215/004,Tabletes,"Telmisartanum, Hydrochlorothiazidum",Jā,Jā,S5,,,,,,
PritorPlus,EU/1/02/215/005,Tabletes,"Telmisartanum, Hydrochlorothiazidum",Jā,Jā,S5,,,,,,
PritorPlus,EU/1/02/215/006,Tabletes,"Telmisartanum, Hydrochlorothiazidum",Jā,Jā,S5,,,,,,
PritorPlus,EU/1/02/215/007,Tabletes,"Telmisartanum, Hydrochlorothiazidum",Jā,Jā,S5,,,,,,
PritorPlus,EU/1/02/215/008,Tabletes,"Telmisartanum, Hydrochlorothiazidum",Jā,Jā,S5,,,,,,
PritorPlus,EU/1/02/215/009,Tabletes,"Telmisartanum, Hydrochlorothiazidum",Jā,Jā,S5,,,,,,
PritorPlus,EU/1/02/215/010,Tabletes,"Telmisartanum, Hydrochlorothiazidum",Jā,Jā,S5,,,,,,
PritorPlus,EU/1/02/215/011,Tabletes,"Telmisartanum, Hydrochlorothiazidum",Jā,Jā,S5,,,,,,
PritorPlus,EU/1/02/215/012,Tabletes,"Telmisartanum, Hydrochlorothiazidum",Jā,Jā,S5,,,,,,
PritorPlus,EU/1/02/215/013,Tabletes,"Telmisartanum, Hydrochlorothiazidum",Jā,Jā,S5,,,,,,
PritorPlus,EU/1/02/215/014,Tabletes,"Telmisartanum, Hydrochlorothiazidum",Jā,Jā,S5,,,,,,
PritorPlus,EU/1/02/215/015,Tabletes,"Telmisartanum, Hydrochlorothiazidum",Jā,Jā,S5,,,,,,
PritorPlus,EU/1/02/215/016,Tabletes,"Telmisartanum, Hydrochlorothiazidum",Jā,Jā,S5,,,,,,
PritorPlus,EU/1/02/215/017,Tabletes,"Telmisartanum, Hydrochlorothiazidum",Jā,Jā,S5,,,,,,
PritorPlus,EU/1/02/215/018,Tabletes,"Telmisartanum, Hydrochlorothiazidum",Jā,Jā,S5,,,,,,
PritorPlus,EU/1/02/215/019,Tabletes,"Telmisartanum, Hydrochlorothiazidum",Jā,Jā,S5,,,,,,
PritorPlus,EU/1/02/215/020,Tabletes,"Telmisartanum, Hydrochlorothiazidum",Jā,Jā,S5,,,,,,
PritorPlus,EU/1/02/215/021,Tabletes,"Telmisartanum, Hydrochlorothiazidum",Jā,Jā,S5,,,,,,
Irbesartan Hydrochlorothiazide Zentiva,EU/1/06/377/001,Tabletes,"Irbesartanum, Hydrochlorothiazidum",Jā,Jā,S5,,,,,,
Irbesartan Hydrochlorothiazide Zentiva,EU/1/06/377/002,Tabletes,"Irbesartanum, Hydrochlorothiazidum",Jā,Jā,S5,,,,,,
Irbesartan Hydrochlorothiazide Zentiva,EU/1/06/377/003,Tabletes,"Irbesartanum, Hydrochlorothiazidum",Jā,Jā,S5,,,,,,
Irbesartan Hydrochlorothiazide Zentiva,EU/1/06/377/004,Tabletes,"Irbesartanum, Hydrochlorothiazidum",Jā,Jā,S5,,,,,,
Irbesartan Hydrochlorothiazide Zentiva,EU/1/06/377/005,Tabletes,"Irbesartanum, Hydrochlorothiazidum",Jā,Jā,S5,,,,,,
Irbesartan Hydrochlorothiazide Zentiva,EU/1/06/377/006,Tabletes,"Irbesartanum, Hydrochlorothiazidum",Jā,Jā,S5,,,,,,
Irbesartan Hydrochlorothiazide Zentiva,EU/1/06/377/007,Tabletes,"Irbesartanum, Hydrochlorothiazidum",Jā,Jā,S5,,,,,,
Irbesartan Hydrochlorothiazide Zentiva,EU/1/06/377/008,Tabletes,"Irbesartanum, Hydrochlorothiazidum",Jā,Jā,S5,,,,,,
Irbesartan Hydrochlorothiazide Zentiva,EU/1/06/377/009,Tabletes,"Irbesartanum, Hydrochlorothiazidum",Jā,Jā,S5,,,,,,
Irbesartan Hydrochlorothiazide Zentiva,EU/1/06/377/010,Tabletes,"Irbesartanum, Hydrochlorothiazidum",Jā,Jā,S5,,,,,,
Irbesartan Hydrochlorothiazide Zentiva,EU/1/06/377/011,Apvalkotās tabletes,"Irbesartanum, Hydrochlorothiazidum",Jā,Jā,S5,,,,,,
Irbesartan Hydrochlorothiazide Zentiva,EU/1/06/377/012,Apvalkotās tabletes,"Irbesartanum, Hydrochlorothiazidum",Jā,Jā,S5,,,,,,
Irbesartan Hydrochlorothiazide Zentiva,EU/1/06/377/013,Apvalkotās tabletes,"Irbesartanum, Hydrochlorothiazidum",Jā,Jā,S5,,,,,,
Irbesartan Hydrochlorothiazide Zentiva,EU/1/06/377/014,Apvalkotās tabletes,"Irbesartanum, Hydrochlorothiazidum",Jā,Jā,S5,,,,,,
Irbesartan Hydrochlorothiazide Zentiva,EU/1/06/377/015,Apvalkotās tabletes,"Irbesartanum, Hydrochlorothiazidum",Jā,Jā,S5,,,,,,
Irbesartan Hydrochlorothiazide Zentiva,EU/1/06/377/016,Apvalkotās tabletes,"Irbesartanum, Hydrochlorothiazidum",Jā,Jā,S5,,,,,,
Irbesartan Hydrochlorothiazide Zentiva,EU/1/06/377/017,Apvalkotās tabletes,"Irbesartanum, Hydrochlorothiazidum",Jā,Jā,S5,,,,,,
Irbesartan Hydrochlorothiazide Zentiva,EU/1/06/377/018,Apvalkotās tabletes,"Irbesartanum, Hydrochlorothiazidum",Jā,Jā,S5,,,,,,
Irbesartan Hydrochlorothiazide Zentiva,EU/1/06/377/019,Apvalkotās tabletes,"Irbesartanum, Hydrochlorothiazidum",Jā,Jā,S5,,,,,,
Irbesartan Hydrochlorothiazide Zentiva,EU/1/06/377/020,Apvalkotās tabletes,"Irbesartanum, Hydrochlorothiazidum",Jā,Jā,S5,,,,,,
Irbesartan Hydrochlorothiazide Zentiva,EU/1/06/377/021,Apvalkotās tabletes,"Irbesartanum, Hydrochlorothiazidum",Jā,Jā,S5,,,,,,
Irbesartan Hydrochlorothiazide Zentiva,EU/1/06/377/022,Apvalkotās tabletes,"Irbesartanum, Hydrochlorothiazidum",Jā,Jā,S5,,,,,,
Irbesartan Hydrochlorothiazide Zentiva,EU/1/06/377/023,Apvalkotās tabletes,"Irbesartanum, Hydrochlorothiazidum",Jā,Jā,S5,,,,,,
Irbesartan Hydrochlorothiazide Zentiva,EU/1/06/377/024,Apvalkotās tabletes,"Irbesartanum, Hydrochlorothiazidum",Jā,Jā,S5,,,,,,
Irbesartan Hydrochlorothiazide Zentiva,EU/1/06/377/025,Apvalkotās tabletes,"Irbesartanum, Hydrochlorothiazidum",Jā,Jā,S5,,,,,,
Irbesartan Hydrochlorothiazide Zentiva,EU/1/06/377/026,Apvalkotās tabletes,"Irbesartanum, Hydrochlorothiazidum",Jā,Jā,S5,,,,,,
Irbesartan Hydrochlorothiazide Zentiva,EU/1/06/377/027,Apvalkotās tabletes,"Irbesartanum, Hydrochlorothiazidum",Jā,Jā,S5,,,,,,
Irbesartan Hydrochlorothiazide Zentiva,EU/1/06/377/028,Apvalkotās tabletes,"Irbesartanum, Hydrochlorothiazidum",Jā,Jā,S5,,,,,,
Irbesartan Hydrochlorothiazide Zentiva,EU/1/06/377/029,Apvalkotās tabletes,"Irbesartanum, Hydrochlorothiazidum",Jā,Jā,S5,,,,,,
Irbesartan Hydrochlorothiazide Zentiva,EU/1/06/377/030,Apvalkotās tabletes,"Irbesartanum, Hydrochlorothiazidum",Jā,Jā,S5,,,,,,
Irbesartan Hydrochlorothiazide Zentiva,EU/1/06/377/031,Apvalkotās tabletes,"Irbesartanum, Hydrochlorothiazidum",Jā,Jā,S5,,,,,,
Irbesartan Hydrochlorothiazide Zentiva,EU/1/06/377/032,Apvalkotās tabletes,"Irbesartanum, Hydrochlorothiazidum",Jā,Jā,S5,,,,,,
Irbesartan Hydrochlorothiazide Zentiva,EU/1/06/377/033,Apvalkotās tabletes,"Irbesartanum, Hydrochlorothiazidum",Jā,Jā,S5,,,,,,
Irbesartan Hydrochlorothiazide Zentiva,EU/1/06/377/034,Apvalkotās tabletes,"Irbesartanum, Hydrochlorothiazidum",Jā,Jā,S5,,,,,,
Rasilez HCT,EU/1/08/491/001,Apvalkotās tabletes,"Aliskirenum, Hydrochlorothiazidum",Jā,Jā,S5,,,,,,
Rasilez HCT,EU/1/08/491/002,Apvalkotās tabletes,"Aliskirenum, Hydrochlorothiazidum",Jā,Jā,S5,,,,,,
Rasilez HCT,EU/1/08/491/003,Apvalkotās tabletes,"Aliskirenum, Hydrochlorothiazidum",Jā,Jā,S5,,,,,,
Rasilez HCT,EU/1/08/491/004,Apvalkotās tabletes,"Aliskirenum, Hydrochlorothiazidum",Jā,Jā,S5,,,,,,
Rasilez HCT,EU/1/08/491/005,Apvalkotās tabletes,"Aliskirenum, Hydrochlorothiazidum",Jā,Jā,S5,,,,,,
Rasilez HCT,EU/1/08/491/006,Apvalkotās tabletes,"Aliskirenum, Hydrochlorothiazidum",Jā,Jā,S5,,,,,,
Rasilez HCT,EU/1/08/491/007,Apvalkotās tabletes,"Aliskirenum, Hydrochlorothiazidum",Jā,Jā,S5,,,,,,
Rasilez HCT,EU/1/08/491/008,Apvalkotās tabletes,"Aliskirenum, Hydrochlorothiazidum",Jā,Jā,S5,,,,,,
Rasilez HCT,EU/1/08/491/009,Apvalkotās tabletes,"Aliskirenum, Hydrochlorothiazidum",Jā,Jā,S5,,,,,,
Rasilez HCT,EU/1/08/491/010,Apvalkotās tabletes,"Aliskirenum, Hydrochlorothiazidum",Jā,Jā,S5,,,,,,
Rasilez HCT,EU/1/08/491/011,Apvalkotās tabletes,"Aliskirenum, Hydrochlorothiazidum",Jā,Jā,S5,,,,,,
Rasilez HCT,EU/1/08/491/012,Apvalkotās tabletes,"Aliskirenum, Hydrochlorothiazidum",Jā,Jā,S5,,,,,,
Rasilez HCT,EU/1/08/491/013,Apvalkotās tabletes,"Aliskirenum, Hydrochlorothiazidum",Jā,Jā,S5,,,,,,
Rasilez HCT,EU/1/08/491/014,Apvalkotās tabletes,"Aliskirenum, Hydrochlorothiazidum",Jā,Jā,S5,,,,,,
Rasilez HCT,EU/1/08/491/015,Apvalkotās tabletes,"Aliskirenum, Hydrochlorothiazidum",Jā,Jā,S5,,,,,,
Rasilez HCT,EU/1/08/491/016,Apvalkotās tabletes,"Aliskirenum, Hydrochlorothiazidum",Jā,Jā,S5,,,,,,
Rasilez HCT,EU/1/08/491/017,Apvalkotās tabletes,"Aliskirenum, Hydrochlorothiazidum",Jā,Jā,S5,,,,,,
Rasilez HCT,EU/1/08/491/018,Apvalkotās tabletes,"Aliskirenum, Hydrochlorothiazidum",Jā,Jā,S5,,,,,,
Rasilez HCT,EU/1/08/491/019,Apvalkotās tabletes,"Aliskirenum, Hydrochlorothiazidum",Jā,Jā,S5,,,,,,
Rasilez HCT,EU/1/08/491/020,Apvalkotās tabletes,"Aliskirenum, Hydrochlorothiazidum",Jā,Jā,S5,,,,,,
Rasilez HCT,EU/1/08/491/021,Apvalkotās tabletes,"Aliskirenum, Hydrochlorothiazidum",Jā,Jā,S5,,,,,,
Rasilez HCT,EU/1/08/491/022,Apvalkotās tabletes,"Aliskirenum, Hydrochlorothiazidum",Jā,Jā,S5,,,,,,
Rasilez HCT,EU/1/08/491/023,Apvalkotās tabletes,"Aliskirenum, Hydrochlorothiazidum",Jā,Jā,S5,,,,,,
Rasilez HCT,EU/1/08/491/024,Apvalkotās tabletes,"Aliskirenum, Hydrochlorothiazidum",Jā,Jā,S5,,,,,,
Rasilez HCT,EU/1/08/491/025,Apvalkotās tabletes,"Aliskirenum, Hydrochlorothiazidum",Jā,Jā,S5,,,,,,
Rasilez HCT,EU/1/08/491/026,Apvalkotās tabletes,"Aliskirenum, Hydrochlorothiazidum",Jā,Jā,S5,,,,,,
Rasilez HCT,EU/1/08/491/027,Apvalkotās tabletes,"Aliskirenum, Hydrochlorothiazidum",Jā,Jā,S5,,,,,,
Rasilez HCT,EU/1/08/491/028,Apvalkotās tabletes,"Aliskirenum, Hydrochlorothiazidum",Jā,Jā,S5,,,,,,
Rasilez HCT,EU/1/08/491/029,Apvalkotās tabletes,"Aliskirenum, Hydrochlorothiazidum",Jā,Jā,S5,,,,,,
Rasilez HCT,EU/1/08/491/030,Apvalkotās tabletes,"Aliskirenum, Hydrochlorothiazidum",Jā,Jā,S5,,,,,,
Rasilez HCT,EU/1/08/491/031,Apvalkotās tabletes,"Aliskirenum, Hydrochlorothiazidum",Jā,Jā,S5,,,,,,
Rasilez HCT,EU/1/08/491/032,Apvalkotās tabletes,"Aliskirenum, Hydrochlorothiazidum",Jā,Jā,S5,,,,,,
Rasilez HCT,EU/1/08/491/033,Apvalkotās tabletes,"Aliskirenum, Hydrochlorothiazidum",Jā,Jā,S5,,,,,,
Rasilez HCT,EU/1/08/491/034,Apvalkotās tabletes,"Aliskirenum, Hydrochlorothiazidum",Jā,Jā,S5,,,,,,
Rasilez HCT,EU/1/08/491/035,Apvalkotās tabletes,"Aliskirenum, Hydrochlorothiazidum",Jā,Jā,S5,,,,,,
Rasilez HCT,EU/1/08/491/036,Apvalkotās tabletes,"Aliskirenum, Hydrochlorothiazidum",Jā,Jā,S5,,,,,,
Rasilez HCT,EU/1/08/491/037,Apvalkotās tabletes,"Aliskirenum, Hydrochlorothiazidum",Jā,Jā,S5,,,,,,
Rasilez HCT,EU/1/08/491/038,Apvalkotās tabletes,"Aliskirenum, Hydrochlorothiazidum",Jā,Jā,S5,,,,,,
Rasilez HCT,EU/1/08/491/039,Apvalkotās tabletes,"Aliskirenum, Hydrochlorothiazidum",Jā,Jā,S5,,,,,,
Rasilez HCT,EU/1/08/491/040,Apvalkotās tabletes,"Aliskirenum, Hydrochlorothiazidum",Jā,Jā,S5,,,,,,
Rasilez HCT,EU/1/08/491/041,Apvalkotās tabletes,"Aliskirenum, Hydrochlorothiazidum",Jā,Jā,S5,,,,,,
Rasilez HCT,EU/1/08/491/042,Apvalkotās tabletes,"Aliskirenum, Hydrochlorothiazidum",Jā,Jā,S5,,,,,,
Rasilez HCT,EU/1/08/491/043,Apvalkotās tabletes,"Aliskirenum, Hydrochlorothiazidum",Jā,Jā,S5,,,,,,
Rasilez HCT,EU/1/08/491/044,Apvalkotās tabletes,"Aliskirenum, Hydrochlorothiazidum",Jā,Jā,S5,,,,,,
Rasilez HCT,EU/1/08/491/045,Apvalkotās tabletes,"Aliskirenum, Hydrochlorothiazidum",Jā,Jā,S5,,,,,,
Rasilez HCT,EU/1/08/491/046,Apvalkotās tabletes,"Aliskirenum, Hydrochlorothiazidum",Jā,Jā,S5,,,,,,
Rasilez HCT,EU/1/08/491/047,Apvalkotās tabletes,"Aliskirenum, Hydrochlorothiazidum",Jā,Jā,S5,,,,,,
Rasilez HCT,EU/1/08/491/048,Apvalkotās tabletes,"Aliskirenum, Hydrochlorothiazidum",Jā,Jā,S5,,,,,,
Rasilez HCT,EU/1/08/491/049,Apvalkotās tabletes,"Aliskirenum, Hydrochlorothiazidum",Jā,Jā,S5,,,,,,
Rasilez HCT,EU/1/08/491/050,Apvalkotās tabletes,"Aliskirenum, Hydrochlorothiazidum",Jā,Jā,S5,,,,,,
Rasilez HCT,EU/1/08/491/051,Apvalkotās tabletes,"Aliskirenum, Hydrochlorothiazidum",Jā,Jā,S5,,,,,,
Rasilez HCT,EU/1/08/491/052,Apvalkotās tabletes,"Aliskirenum, Hydrochlorothiazidum",Jā,Jā,S5,,,,,,
Rasilez HCT,EU/1/08/491/053,Apvalkotās tabletes,"Aliskirenum, Hydrochlorothiazidum",Jā,Jā,S5,,,,,,
Rasilez HCT,EU/1/08/491/054,Apvalkotās tabletes,"Aliskirenum, Hydrochlorothiazidum",Jā,Jā,S5,,,,,,
Rasilez HCT,EU/1/08/491/055,Apvalkotās tabletes,"Aliskirenum, Hydrochlorothiazidum",Jā,Jā,S5,,,,,,
Rasilez HCT,EU/1/08/491/056,Apvalkotās tabletes,"Aliskirenum, Hydrochlorothiazidum",Jā,Jā,S5,,,,,,
Rasilez HCT,EU/1/08/491/057,Apvalkotās tabletes,"Aliskirenum, Hydrochlorothiazidum",Jā,Jā,S5,,,,,,
Rasilez HCT,EU/1/08/491/058,Apvalkotās tabletes,"Aliskirenum, Hydrochlorothiazidum",Jā,Jā,S5,,,,,,
Rasilez HCT,EU/1/08/491/059,Apvalkotās tabletes,"Aliskirenum, Hydrochlorothiazidum",Jā,Jā,S5,,,,,,
Rasilez HCT,EU/1/08/491/060,Apvalkotās tabletes,"Aliskirenum, Hydrochlorothiazidum",Jā,Jā,S5,,,,,,
Rasilez HCT,EU/1/08/491/061,Apvalkotās tabletes,"Aliskirenum, Hydrochlorothiazidum",Jā,Jā,S5,,,,,,
Rasilez HCT,EU/1/08/491/062,Apvalkotās tabletes,"Aliskirenum, Hydrochlorothiazidum",Jā,Jā,S5,,,,,,
Rasilez HCT,EU/1/08/491/063,Apvalkotās tabletes,"Aliskirenum, Hydrochlorothiazidum",Jā,Jā,S5,,,,,,
Rasilez HCT,EU/1/08/491/064,Apvalkotās tabletes,"Aliskirenum, Hydrochlorothiazidum",Jā,Jā,S5,,,,,,
Rasilez HCT,EU/1/08/491/065,Apvalkotās tabletes,"Aliskirenum, Hydrochlorothiazidum",Jā,Jā,S5,,,,,,
Rasilez HCT,EU/1/08/491/066,Apvalkotās tabletes,"Aliskirenum, Hydrochlorothiazidum",Jā,Jā,S5,,,,,,
Rasilez HCT,EU/1/08/491/067,Apvalkotās tabletes,"Aliskirenum, Hydrochlorothiazidum",Jā,Jā,S5,,,,,,
Rasilez HCT,EU/1/08/491/068,Apvalkotās tabletes,"Aliskirenum, Hydrochlorothiazidum",Jā,Jā,S5,,,,,,
Rasilez HCT,EU/1/08/491/069,Apvalkotās tabletes,"Aliskirenum, Hydrochlorothiazidum",Jā,Jā,S5,,,,,,
Rasilez HCT,EU/1/08/491/070,Apvalkotās tabletes,"Aliskirenum, Hydrochlorothiazidum",Jā,Jā,S5,,,,,,
Rasilez HCT,EU/1/08/491/071,Apvalkotās tabletes,"Aliskirenum, Hydrochlorothiazidum",Jā,Jā,S5,,,,,,
Rasilez HCT,EU/1/08/491/072,Apvalkotās tabletes,"Aliskirenum, Hydrochlorothiazidum",Jā,Jā,S5,,,,,,
Rasilez HCT,EU/1/08/491/073,Apvalkotās tabletes,"Aliskirenum, Hydrochlorothiazidum",Jā,Jā,S5,,,,,,
Rasilez HCT,EU/1/08/491/074,Apvalkotās tabletes,"Aliskirenum, Hydrochlorothiazidum",Jā,Jā,S5,,,,,,
Rasilez HCT,EU/1/08/491/075,Apvalkotās tabletes,"Aliskirenum, Hydrochlorothiazidum",Jā,Jā,S5,,,,,,
Rasilez HCT,EU/1/08/491/076,Apvalkotās tabletes,"Aliskirenum, Hydrochlorothiazidum",Jā,Jā,S5,,,,,,
Rasilez HCT,EU/1/08/491/077,Apvalkotās tabletes,"Aliskirenum, Hydrochlorothiazidum",Jā,Jā,S5,,,,,,
Rasilez HCT,EU/1/08/491/078,Apvalkotās tabletes,"Aliskirenum, Hydrochlorothiazidum",Jā,Jā,S5,,,,,,
Rasilez HCT,EU/1/08/491/079,Apvalkotās tabletes,"Aliskirenum, Hydrochlorothiazidum",Jā,Jā,S5,,,,,,
Rasilez HCT,EU/1/08/491/080,Apvalkotās tabletes,"Aliskirenum, Hydrochlorothiazidum",Jā,Jā,S5,,,,,,
Samsca,EU/1/09/539/001,Tabletes,Tolvaptanum,Jā,Jā,S5,,,,,,
Samsca,EU/1/09/539/002,Tabletes,Tolvaptanum,Jā,Jā,S5,,,,,,
Samsca,EU/1/09/539/003,Tabletes,Tolvaptanum,Jā,Jā,S5,,,,,,
Samsca,EU/1/09/539/004,Tabletes,Tolvaptanum,Jā,Jā,S5,,,,,,
Samsca,EU/1/09/539/005,Tabletes,Tolvaptanum,Jā,Jā,S5,,,,,,
Samsca,EU/1/09/539/006,Tabletes,Tolvaptanum,Jā,Jā,S5,,,,,,
Samsca,EU/1/09/539/007,Tabletes,Tolvaptanum,Jā,Jā,S5,,,,,,
Samsca,EU/1/09/539/008,Tabletes,Tolvaptanum,Jā,Jā,S5,,,,,,
Exforge HCT,EU/1/09/569/001,Apvalkotās tabletes,"Amlodipini besilas, Valsartanum, Hydrochlorothiazidum",Jā,Jā,S5,,,,,,
Exforge HCT,EU/1/09/569/002,Apvalkotās tabletes,"Amlodipini besilas, Valsartanum, Hydrochlorothiazidum",Jā,Jā,S5,,,,,,
Exforge HCT,EU/1/09/569/003,Apvalkotās tabletes,"Amlodipini besilas, Valsartanum, Hydrochlorothiazidum",Jā,Jā,S5,,,,,,
Exforge HCT,EU/1/09/569/004,Apvalkotās tabletes,"Amlodipini besilas, Valsartanum, Hydrochlorothiazidum",Jā,Jā,S5,,,,,,
Exforge HCT,EU/1/09/569/005,Apvalkotās tabletes,"Amlodipini besilas, Valsartanum, Hydrochlorothiazidum",Jā,Jā,S5,,,,,,
Exforge HCT,EU/1/09/569/006,Apvalkotās tabletes,"Amlodipini besilas, Valsartanum, Hydrochlorothiazidum",Jā,Jā,S5,,,,,,
Exforge HCT,EU/1/09/569/007,Apvalkotās tabletes,"Amlodipini besilas, Valsartanum, Hydrochlorothiazidum",Jā,Jā,S5,,,,,,
Exforge HCT,EU/1/09/569/008,Apvalkotās tabletes,"Amlodipini besilas, Valsartanum, Hydrochlorothiazidum",Jā,Jā,S5,,,,,,
Exforge HCT,EU/1/09/569/009,Apvalkotās tabletes,"Amlodipini besilas, Valsartanum, Hydrochlorothiazidum",Jā,Jā,S5,,,,,,
Exforge HCT,EU/1/09/569/010,Apvalkotās tabletes,"Amlodipini besilas, Valsartanum, Hydrochlorothiazidum",Jā,Jā,S5,,,,,,
Exforge HCT,EU/1/09/569/011,Apvalkotās tabletes,"Amlodipini besilas, Valsartanum, Hydrochlorothiazidum",Jā,Jā,S5,,,,,,
Exforge HCT,EU/1/09/569/012,Apvalkotās tabletes,"Amlodipini besilas, Valsartanum, Hydrochlorothiazidum",Jā,Jā,S5,,,,,,
Exforge HCT,EU/1/09/569/013,Apvalkotās tabletes,"Amlodipini besilas, Valsartanum, Hydrochlorothiazidum",Jā,Jā,S5,,,,,,
Exforge HCT,EU/1/09/569/014,Apvalkotās tabletes,"Amlodipini besilas, Valsartanum, Hydrochlorothiazidum",Jā,Jā,S5,,,,,,
Exforge HCT,EU/1/09/569/015,Apvalkotās tabletes,"Amlodipini besilas, Valsartanum, Hydrochlorothiazidum",Jā,Jā,S5,,,,,,
Exforge HCT,EU/1/09/569/016,Apvalkotās tabletes,"Amlodipini besilas, Valsartanum, Hydrochlorothiazidum",Jā,Jā,S5,,,,,,
Exforge HCT,EU/1/09/569/017,Apvalkotās tabletes,"Amlodipini besilas, Valsartanum, Hydrochlorothiazidum",Jā,Jā,S5,,,,,,
Exforge HCT,EU/1/09/569/018,Apvalkotās tabletes,"Amlodipini besilas, Valsartanum, Hydrochlorothiazidum",Jā,Jā,S5,,,,,,
Exforge HCT,EU/1/09/569/019,Apvalkotās tabletes,"Amlodipini besilas, Valsartanum, Hydrochlorothiazidum",Jā,Jā,S5,,,,,,
Exforge HCT,EU/1/09/569/020,Apvalkotās tabletes,"Amlodipini besilas, Valsartanum, Hydrochlorothiazidum",Jā,Jā,S5,,,,,,
Exforge HCT,EU/1/09/569/021,Apvalkotās tabletes,"Amlodipini besilas, Valsartanum, Hydrochlorothiazidum",Jā,Jā,S5,,,,,,
Exforge HCT,EU/1/09/569/022,Apvalkotās tabletes,"Amlodipini besilas, Valsartanum, Hydrochlorothiazidum",Jā,Jā,S5,,,,,,
Exforge HCT,EU/1/09/569/023,Apvalkotās tabletes,"Amlodipini besilas, Valsartanum, Hydrochlorothiazidum",Jā,Jā,S5,,,,,,
Exforge HCT,EU/1/09/569/024,Apvalkotās tabletes,"Amlodipini besilas, Valsartanum, Hydrochlorothiazidum",Jā,Jā,S5,,,,,,
Exforge HCT,EU/1/09/569/025,Apvalkotās tabletes,"Amlodipini besilas, Valsartanum, Hydrochlorothiazidum",Jā,Jā,S5,,,,,,
Exforge HCT,EU/1/09/569/026,Apvalkotās tabletes,"Amlodipini besilas, Valsartanum, Hydrochlorothiazidum",Jā,Jā,S5,,,,,,
Exforge HCT,EU/1/09/569/027,Apvalkotās tabletes,"Amlodipini besilas, Valsartanum, Hydrochlorothiazidum",Jā,Jā,S5,,,,,,
Exforge HCT,EU/1/09/569/028,Apvalkotās tabletes,"Amlodipini besilas, Valsartanum, Hydrochlorothiazidum",Jā,Jā,S5,,,,,,
Exforge HCT,EU/1/09/569/029,Apvalkotās tabletes,"Amlodipini besilas, Valsartanum, Hydrochlorothiazidum",Jā,Jā,S5,,,,,,
Exforge HCT,EU/1/09/569/030,Apvalkotās tabletes,"Amlodipini besilas, Valsartanum, Hydrochlorothiazidum",Jā,Jā,S5,,,,,,
Exforge HCT,EU/1/09/569/031,Apvalkotās tabletes,"Amlodipini besilas, Valsartanum, Hydrochlorothiazidum",Jā,Jā,S5,,,,,,
Exforge HCT,EU/1/09/569/032,Apvalkotās tabletes,"Amlodipini besilas, Valsartanum, Hydrochlorothiazidum",Jā,Jā,S5,,,,,,
Exforge HCT,EU/1/09/569/033,Apvalkotās tabletes,"Amlodipini besilas, Valsartanum, Hydrochlorothiazidum",Jā,Jā,S5,,,,,,
Exforge HCT,EU/1/09/569/034,Apvalkotās tabletes,"Amlodipini besilas, Valsartanum, Hydrochlorothiazidum",Jā,Jā,S5,,,,,,
Exforge HCT,EU/1/09/569/035,Apvalkotās tabletes,"Amlodipini besilas, Valsartanum, Hydrochlorothiazidum",Jā,Jā,S5,,,,,,
Exforge HCT,EU/1/09/569/036,Apvalkotās tabletes,"Amlodipini besilas, Valsartanum, Hydrochlorothiazidum",Jā,Jā,S5,,,,,,
Exforge HCT,EU/1/09/569/037,Apvalkotās tabletes,"Amlodipini besilas, Valsartanum, Hydrochlorothiazidum",Jā,Jā,S5,,,,,,
Exforge HCT,EU/1/09/569/038,Apvalkotās tabletes,"Amlodipini besilas, Valsartanum, Hydrochlorothiazidum",Jā,Jā,S5,,,,,,
Exforge HCT,EU/1/09/569/039,Apvalkotās tabletes,"Amlodipini besilas, Valsartanum, Hydrochlorothiazidum",Jā,Jā,S5,,,,,,
Exforge HCT,EU/1/09/569/040,Apvalkotās tabletes,"Amlodipini besilas, Valsartanum, Hydrochlorothiazidum",Jā,Jā,S5,,,,,,
Exforge HCT,EU/1/09/569/041,Apvalkotās tabletes,"Amlodipini besilas, Valsartanum, Hydrochlorothiazidum",Jā,Jā,S5,,,,,,
Exforge HCT,EU/1/09/569/042,Apvalkotās tabletes,"Amlodipini besilas, Valsartanum, Hydrochlorothiazidum",Jā,Jā,S5,,,,,,
Exforge HCT,EU/1/09/569/043,Apvalkotās tabletes,"Amlodipini besilas, Valsartanum, Hydrochlorothiazidum",Jā,Jā,S5,,,,,,
Exforge HCT,EU/1/09/569/044,Apvalkotās tabletes,"Amlodipini besilas, Valsartanum, Hydrochlorothiazidum",Jā,Jā,S5,,,,,,
Exforge HCT,EU/1/09/569/045,Apvalkotās tabletes,"Amlodipini besilas, Valsartanum, Hydrochlorothiazidum",Jā,Jā,S5,,,,,,
Exforge HCT,EU/1/09/569/046,Apvalkotās tabletes,"Amlodipini besilas, Valsartanum, Hydrochlorothiazidum",Jā,Jā,S5,,,,,,
Exforge HCT,EU/1/09/569/047,Apvalkotās tabletes,"Amlodipini besilas, Valsartanum, Hydrochlorothiazidum",Jā,Jā,S5,,,,,,
Exforge HCT,EU/1/09/569/048,Apvalkotās tabletes,"Amlodipini besilas, Valsartanum, Hydrochlorothiazidum",Jā,Jā,S5,,,,,,
Exforge HCT,EU/1/09/569/049,Apvalkotās tabletes,"Amlodipini besilas, Valsartanum, Hydrochlorothiazidum",Jā,Jā,S5,,,,,,
Exforge HCT,EU/1/09/569/050,Apvalkotās tabletes,"Amlodipini besilas, Valsartanum, Hydrochlorothiazidum",Jā,Jā,S5,,,,,,
Exforge HCT,EU/1/09/569/051,Apvalkotās tabletes,"Amlodipini besilas, Valsartanum, Hydrochlorothiazidum",Jā,Jā,S5,,,,,,
Exforge HCT,EU/1/09/569/052,Apvalkotās tabletes,"Amlodipini besilas, Valsartanum, Hydrochlorothiazidum",Jā,Jā,S5,,,,,,
Exforge HCT,EU/1/09/569/053,Apvalkotās tabletes,"Amlodipini besilas, Valsartanum, Hydrochlorothiazidum",Jā,Jā,S5,,,,,,
Exforge HCT,EU/1/09/569/054,Apvalkotās tabletes,"Amlodipini besilas, Valsartanum, Hydrochlorothiazidum",Jā,Jā,S5,,,,,,
Exforge HCT,EU/1/09/569/055,Apvalkotās tabletes,"Amlodipini besilas, Valsartanum, Hydrochlorothiazidum",Jā,Jā,S5,,,,,,
Exforge HCT,EU/1/09/569/056,Apvalkotās tabletes,"Amlodipini besilas, Valsartanum, Hydrochlorothiazidum",Jā,Jā,S5,,,,,,
Exforge HCT,EU/1/09/569/057,Apvalkotās tabletes,"Amlodipini besilas, Valsartanum, Hydrochlorothiazidum",Jā,Jā,S5,,,,,,
Exforge HCT,EU/1/09/569/058,Apvalkotās tabletes,"Amlodipini besilas, Valsartanum, Hydrochlorothiazidum",Jā,Jā,S5,,,,,,
Exforge HCT,EU/1/09/569/059,Apvalkotās tabletes,"Amlodipini besilas, Valsartanum, Hydrochlorothiazidum",Jā,Jā,S5,,,,,,
Exforge HCT,EU/1/09/569/060,Apvalkotās tabletes,"Amlodipini besilas, Valsartanum, Hydrochlorothiazidum",Jā,Jā,S5,,,,,,
Dafiro HCT,EU/1/09/574/001,Apvalkotās tabletes,"Amlodipinum, Valsartanum, Hydrochlorothiazidum",Jā,Jā,S5,,,,,,
Dafiro HCT,EU/1/09/574/002,Apvalkotās tabletes,"Amlodipinum, Valsartanum, Hydrochlorothiazidum",Jā,Jā,S5,,,,,,
Dafiro HCT,EU/1/09/574/003,Apvalkotās tabletes,"Amlodipinum, Valsartanum, Hydrochlorothiazidum",Jā,Jā,S5,,,,,,
Dafiro HCT,EU/1/09/574/004,Apvalkotās tabletes,"Amlodipinum, Valsartanum, Hydrochlorothiazidum",Jā,Jā,S5,,,,,,
Dafiro HCT,EU/1/09/574/005,Apvalkotās tabletes,"Amlodipinum, Valsartanum, Hydrochlorothiazidum",Jā,Jā,S5,,,,,,
Dafiro HCT,EU/1/09/574/006,Apvalkotās tabletes,"Amlodipinum, Valsartanum, Hydrochlorothiazidum",Jā,Jā,S5,,,,,,
Dafiro HCT,EU/1/09/574/007,Apvalkotās tabletes,"Amlodipinum, Valsartanum, Hydrochlorothiazidum",Jā,Jā,S5,,,,,,
Dafiro HCT,EU/1/09/574/008,Apvalkotās tabletes,"Amlodipinum, Valsartanum, Hydrochlorothiazidum",Jā,Jā,S5,,,,,,
Dafiro HCT,EU/1/09/574/009,Apvalkotās tabletes,"Amlodipinum, Valsartanum, Hydrochlorothiazidum",Jā,Jā,S5,,,,,,
Dafiro HCT,EU/1/09/574/010,Apvalkotās tabletes,"Amlodipinum, Valsartanum, Hydrochlorothiazidum",Jā,Jā,S5,,,,,,
Dafiro HCT,EU/1/09/574/011,Apvalkotās tabletes,"Amlodipinum, Valsartanum, Hydrochlorothiazidum",Jā,Jā,S5,,,,,,
Dafiro HCT,EU/1/09/574/012,Apvalkotās tabletes,"Amlodipinum, Valsartanum, Hydrochlorothiazidum",Jā,Jā,S5,,,,,,
Dafiro HCT,EU/1/09/574/013,Apvalkotās tabletes,"Amlodipinum, Valsartanum, Hydrochlorothiazidum",Jā,Jā,S5,,,,,,
Dafiro HCT,EU/1/09/574/014,Apvalkotās tabletes,"Amlodipinum, Valsartanum, Hydrochlorothiazidum",Jā,Jā,S5,,,,,,
Dafiro HCT,EU/1/09/574/015,Apvalkotās tabletes,"Amlodipinum, Valsartanum, Hydrochlorothiazidum",Jā,Jā,S5,,,,,,
Dafiro HCT,EU/1/09/574/016,Apvalkotās tabletes,"Amlodipinum, Valsartanum, Hydrochlorothiazidum",Jā,Jā,S5,,,,,,
Dafiro HCT,EU/1/09/574/017,Apvalkotās tabletes,"Amlodipinum, Valsartanum, Hydrochlorothiazidum",Jā,Jā,S5,,,,,,
Dafiro HCT,EU/1/09/574/018,Apvalkotās tabletes,"Amlodipinum, Valsartanum, Hydrochlorothiazidum",Jā,Jā,S5,,,,,,
Dafiro HCT,EU/1/09/574/019,Apvalkotās tabletes,"Amlodipinum, Valsartanum, Hydrochlorothiazidum",Jā,Jā,S5,,,,,,
Dafiro HCT,EU/1/09/574/020,Apvalkotās tabletes,"Amlodipinum, Valsartanum, Hydrochlorothiazidum",Jā,Jā,S5,,,,,,
Dafiro HCT,EU/1/09/574/021,Apvalkotās tabletes,"Amlodipinum, Valsartanum, Hydrochlorothiazidum",Jā,Jā,S5,,,,,,
Dafiro HCT,EU/1/09/574/022,Apvalkotās tabletes,"Amlodipinum, Valsartanum, Hydrochlorothiazidum",Jā,Jā,S5,,,,,,
Dafiro HCT,EU/1/09/574/023,Apvalkotās tabletes,"Amlodipinum, Valsartanum, Hydrochlorothiazidum",Jā,Jā,S5,,,,,,
Dafiro HCT,EU/1/09/574/024,Apvalkotās tabletes,"Amlodipinum, Valsartanum, Hydrochlorothiazidum",Jā,Jā,S5,,,,,,
Dafiro HCT,EU/1/09/574/025,Apvalkotās tabletes,"Amlodipinum, Valsartanum, Hydrochlorothiazidum",Jā,Jā,S5,,,,,,
Dafiro HCT,EU/1/09/574/026,Apvalkotās tabletes,"Amlodipinum, Valsartanum, Hydrochlorothiazidum",Jā,Jā,S5,,,,,,
Dafiro HCT,EU/1/09/574/027,Apvalkotās tabletes,"Amlodipinum, Valsartanum, Hydrochlorothiazidum",Jā,Jā,S5,,,,,,
Dafiro HCT,EU/1/09/574/028,Apvalkotās tabletes,"Amlodipinum, Valsartanum, Hydrochlorothiazidum",Jā,Jā,S5,,,,,,
Dafiro HCT,EU/1/09/574/029,Apvalkotās tabletes,"Amlodipinum, Valsartanum, Hydrochlorothiazidum",Jā,Jā,S5,,,,,,
Dafiro HCT,EU/1/09/574/030,Apvalkotās tabletes,"Amlodipinum, Valsartanum, Hydrochlorothiazidum",Jā,Jā,S5,,,,,,
Dafiro HCT,EU/1/09/574/031,Apvalkotās tabletes,"Amlodipinum, Valsartanum, Hydrochlorothiazidum",Jā,Jā,S5,,,,,,
Dafiro HCT,EU/1/09/574/032,Apvalkotās tabletes,"Amlodipinum, Valsartanum, Hydrochlorothiazidum",Jā,Jā,S5,,,,,,
Dafiro HCT,EU/1/09/574/033,Apvalkotās tabletes,"Amlodipinum, Valsartanum, Hydrochlorothiazidum",Jā,Jā,S5,,,,,,
Dafiro HCT,EU/1/09/574/034,Apvalkotās tabletes,"Amlodipinum, Valsartanum, Hydrochlorothiazidum",Jā,Jā,S5,,,,,,
Dafiro HCT,EU/1/09/574/035,Apvalkotās tabletes,"Amlodipinum, Valsartanum, Hydrochlorothiazidum",Jā,Jā,S5,,,,,,
Dafiro HCT,EU/1/09/574/036,Apvalkotās tabletes,"Amlodipinum, Valsartanum, Hydrochlorothiazidum",Jā,Jā,S5,,,,,,
Dafiro HCT,EU/1/09/574/037,Apvalkotās tabletes,"Amlodipinum, Valsartanum, Hydrochlorothiazidum",Jā,Jā,S5,,,,,,
Dafiro HCT,EU/1/09/574/038,Apvalkotās tabletes,"Amlodipinum, Valsartanum, Hydrochlorothiazidum",Jā,Jā,S5,,,,,,
Dafiro HCT,EU/1/09/574/039,Apvalkotās tabletes,"Amlodipinum, Valsartanum, Hydrochlorothiazidum",Jā,Jā,S5,,,,,,
Dafiro HCT,EU/1/09/574/040,Apvalkotās tabletes,"Amlodipinum, Valsartanum, Hydrochlorothiazidum",Jā,Jā,S5,,,,,,
Dafiro HCT,EU/1/09/574/041,Apvalkotās tabletes,"Amlodipinum, Valsartanum, Hydrochlorothiazidum",Jā,Jā,S5,,,,,,
Dafiro HCT,EU/1/09/574/042,Apvalkotās tabletes,"Amlodipinum, Valsartanum, Hydrochlorothiazidum",Jā,Jā,S5,,,,,,
Dafiro HCT,EU/1/09/574/043,Apvalkotās tabletes,"Amlodipinum, Valsartanum, Hydrochlorothiazidum",Jā,Jā,S5,,,,,,
Dafiro HCT,EU/1/09/574/044,Apvalkotās tabletes,"Amlodipinum, Valsartanum, Hydrochlorothiazidum",Jā,Jā,S5,,,,,,
Dafiro HCT,EU/1/09/574/045,Apvalkotās tabletes,"Amlodipinum, Valsartanum, Hydrochlorothiazidum",Jā,Jā,S5,,,,,,
Dafiro HCT,EU/1/09/574/046,Apvalkotās tabletes,"Amlodipinum, Valsartanum, Hydrochlorothiazidum",Jā,Jā,S5,,,,,,
Dafiro HCT,EU/1/09/574/047,Apvalkotās tabletes,"Amlodipinum, Valsartanum, Hydrochlorothiazidum",Jā,Jā,S5,,,,,,
Dafiro HCT,EU/1/09/574/048,Apvalkotās tabletes,"Amlodipinum, Valsartanum, Hydrochlorothiazidum",Jā,Jā,S5,,,,,,
Dafiro HCT,EU/1/09/574/049,Apvalkotās tabletes,"Amlodipinum, Valsartanum, Hydrochlorothiazidum",Jā,Jā,S5,,,,,,
Dafiro HCT,EU/1/09/574/050,Apvalkotās tabletes,"Amlodipinum, Valsartanum, Hydrochlorothiazidum",Jā,Jā,S5,,,,,,
Dafiro HCT,EU/1/09/574/051,Apvalkotās tabletes,"Amlodipinum, Valsartanum, Hydrochlorothiazidum",Jā,Jā,S5,,,,,,
Dafiro HCT,EU/1/09/574/052,Apvalkotās tabletes,"Amlodipinum, Valsartanum, Hydrochlorothiazidum",Jā,Jā,S5,,,,,,
Dafiro HCT,EU/1/09/574/053,Apvalkotās tabletes,"Amlodipinum, Valsartanum, Hydrochlorothiazidum",Jā,Jā,S5,,,,,,
Dafiro HCT,EU/1/09/574/054,Apvalkotās tabletes,"Amlodipinum, Valsartanum, Hydrochlorothiazidum",Jā,Jā,S5,,,,,,
Dafiro HCT,EU/1/09/574/055,Apvalkotās tabletes,"Amlodipinum, Valsartanum, Hydrochlorothiazidum",Jā,Jā,S5,,,,,,
Dafiro HCT,EU/1/09/574/056,Apvalkotās tabletes,"Amlodipinum, Valsartanum, Hydrochlorothiazidum",Jā,Jā,S5,,,,,,
Dafiro HCT,EU/1/09/574/057,Apvalkotās tabletes,"Amlodipinum, Valsartanum, Hydrochlorothiazidum",Jā,Jā,S5,,,,,,
Dafiro HCT,EU/1/09/574/058,Apvalkotās tabletes,"Amlodipinum, Valsartanum, Hydrochlorothiazidum",Jā,Jā,S5,,,,,,
Dafiro HCT,EU/1/09/574/059,Apvalkotās tabletes,"Amlodipinum, Valsartanum, Hydrochlorothiazidum",Jā,Jā,S5,,,,,,
Dafiro HCT,EU/1/09/574/060,Apvalkotās tabletes,"Amlodipinum, Valsartanum, Hydrochlorothiazidum",Jā,Jā,S5,,,,,,
Copalia HCT,EU/1/09/575/001,Apvalkotās tabletes,"Amlodipinum, Valsartanum, Hydrochlorothiazidum",Jā,Jā,S5,,,,,,
Copalia HCT,EU/1/09/575/002,Apvalkotās tabletes,"Amlodipinum, Valsartanum, Hydrochlorothiazidum",Jā,Jā,S5,,,,,,
Copalia HCT,EU/1/09/575/003,Apvalkotās tabletes,"Amlodipinum, Valsartanum, Hydrochlorothiazidum",Jā,Jā,S5,,,,,,
Copalia HCT,EU/1/09/575/004,Apvalkotās tabletes,"Amlodipinum, Valsartanum, Hydrochlorothiazidum",Jā,Jā,S5,,,,,,
Copalia HCT,EU/1/09/575/005,Apvalkotās tabletes,"Amlodipinum, Valsartanum, Hydrochlorothiazidum",Jā,Jā,S5,,,,,,
Copalia HCT,EU/1/09/575/006,Apvalkotās tabletes,"Amlodipinum, Valsartanum, Hydrochlorothiazidum",Jā,Jā,S5,,,,,,
Copalia HCT,EU/1/09/575/007,Apvalkotās tabletes,"Amlodipinum, Valsartanum, Hydrochlorothiazidum",Jā,Jā,S5,,,,,,
Copalia HCT,EU/1/09/575/008,Apvalkotās tabletes,"Amlodipinum, Valsartanum, Hydrochlorothiazidum",Jā,Jā,S5,,,,,,
Copalia HCT,EU/1/09/575/009,Apvalkotās tabletes,"Amlodipinum, Valsartanum, Hydrochlorothiazidum",Jā,Jā,S5,,,,,,
Copalia HCT,EU/1/09/575/010,Apvalkotās tabletes,"Amlodipinum, Valsartanum, Hydrochlorothiazidum",Jā,Jā,S5,,,,,,
Copalia HCT,EU/1/09/575/011,Apvalkotās tabletes,"Amlodipinum, Valsartanum, Hydrochlorothiazidum",Jā,Jā,S5,,,,,,
Copalia HCT,EU/1/09/575/012,Apvalkotās tabletes,"Amlodipinum, Valsartanum, Hydrochlorothiazidum",Jā,Jā,S5,,,,,,
Copalia HCT,EU/1/09/575/013,Apvalkotās tabletes,"Amlodipinum, Valsartanum, Hydrochlorothiazidum",Jā,Jā,S5,,,,,,
Copalia HCT,EU/1/09/575/014,Apvalkotās tabletes,"Amlodipinum, Valsartanum, Hydrochlorothiazidum",Jā,Jā,S5,,,,,,
Copalia HCT,EU/1/09/575/015,Apvalkotās tabletes,"Amlodipinum, Valsartanum, Hydrochlorothiazidum",Jā,Jā,S5,,,,,,
Copalia HCT,EU/1/09/575/016,Apvalkotās tabletes,"Amlodipinum, Valsartanum, Hydrochlorothiazidum",Jā,Jā,S5,,,,,,
Copalia HCT,EU/1/09/575/017,Apvalkotās tabletes,"Amlodipinum, Valsartanum, Hydrochlorothiazidum",Jā,Jā,S5,,,,,,
Copalia HCT,EU/1/09/575/018,Apvalkotās tabletes,"Amlodipinum, Valsartanum, Hydrochlorothiazidum",Jā,Jā,S5,,,,,,
Copalia HCT,EU/1/09/575/019,Apvalkotās tabletes,"Amlodipinum, Valsartanum, Hydrochlorothiazidum",Jā,Jā,S5,,,,,,
Copalia HCT,EU/1/09/575/020,Apvalkotās tabletes,"Amlodipinum, Valsartanum, Hydrochlorothiazidum",Jā,Jā,S5,,,,,,
Copalia HCT,EU/1/09/575/021,Apvalkotās tabletes,"Amlodipinum, Valsartanum, Hydrochlorothiazidum",Jā,Jā,S5,,,,,,
Copalia HCT,EU/1/09/575/022,Apvalkotās tabletes,"Amlodipinum, Valsartanum, Hydrochlorothiazidum",Jā,Jā,S5,,,,,,
Copalia HCT,EU/1/09/575/023,Apvalkotās tabletes,"Amlodipinum, Valsartanum, Hydrochlorothiazidum",Jā,Jā,S5,,,,,,
Copalia HCT,EU/1/09/575/024,Apvalkotās tabletes,"Amlodipinum, Valsartanum, Hydrochlorothiazidum",Jā,Jā,S5,,,,,,
Copalia HCT,EU/1/09/575/025,Apvalkotās tabletes,"Amlodipinum, Valsartanum, Hydrochlorothiazidum",Jā,Jā,S5,,,,,,
Copalia HCT,EU/1/09/575/026,Apvalkotās tabletes,"Amlodipinum, Valsartanum, Hydrochlorothiazidum",Jā,Jā,S5,,,,,,
Copalia HCT,EU/1/09/575/027,Apvalkotās tabletes,"Amlodipinum, Valsartanum, Hydrochlorothiazidum",Jā,Jā,S5,,,,,,
Copalia HCT,EU/1/09/575/028,Apvalkotās tabletes,"Amlodipinum, Valsartanum, Hydrochlorothiazidum",Jā,Jā,S5,,,,,,
Copalia HCT,EU/1/09/575/029,Apvalkotās tabletes,"Amlodipinum, Valsartanum, Hydrochlorothiazidum",Jā,Jā,S5,,,,,,
Copalia HCT,EU/1/09/575/030,Apvalkotās tabletes,"Amlodipinum, Valsartanum, Hydrochlorothiazidum",Jā,Jā,S5,,,,,,
Copalia HCT,EU/1/09/575/031,Apvalkotās tabletes,"Amlodipinum, Valsartanum, Hydrochlorothiazidum",Jā,Jā,S5,,,,,,
Copalia HCT,EU/1/09/575/032,Apvalkotās tabletes,"Amlodipinum, Valsartanum, Hydrochlorothiazidum",Jā,Jā,S5,,,,,,
Copalia HCT,EU/1/09/575/033,Apvalkotās tabletes,"Amlodipinum, Valsartanum, Hydrochlorothiazidum",Jā,Jā,S5,,,,,,
Copalia HCT,EU/1/09/575/034,Apvalkotās tabletes,"Amlodipinum, Valsartanum, Hydrochlorothiazidum",Jā,Jā,S5,,,,,,
Copalia HCT,EU/1/09/575/035,Apvalkotās tabletes,"Amlodipinum, Valsartanum, Hydrochlorothiazidum",Jā,Jā,S5,,,,,,
Copalia HCT,EU/1/09/575/036,Apvalkotās tabletes,"Amlodipinum, Valsartanum, Hydrochlorothiazidum",Jā,Jā,S5,,,,,,
Copalia HCT,EU/1/09/575/037,Apvalkotās tabletes,"Amlodipinum, Valsartanum, Hydrochlorothiazidum",Jā,Jā,S5,,,,,,
Copalia HCT,EU/1/09/575/038,Apvalkotās tabletes,"Amlodipinum, Valsartanum, Hydrochlorothiazidum",Jā,Jā,S5,,,,,,
Copalia HCT,EU/1/09/575/039,Apvalkotās tabletes,"Amlodipinum, Valsartanum, Hydrochlorothiazidum",Jā,Jā,S5,,,,,,
Copalia HCT,EU/1/09/575/040,Apvalkotās tabletes,"Amlodipinum, Valsartanum, Hydrochlorothiazidum",Jā,Jā,S5,,,,,,
Copalia HCT,EU/1/09/575/041,Apvalkotās tabletes,"Amlodipinum, Valsartanum, Hydrochlorothiazidum",Jā,Jā,S5,,,,,,
Copalia HCT,EU/1/09/575/042,Apvalkotās tabletes,"Amlodipinum, Valsartanum, Hydrochlorothiazidum",Jā,Jā,S5,,,,,,
Copalia HCT,EU/1/09/575/043,Apvalkotās tabletes,"Amlodipinum, Valsartanum, Hydrochlorothiazidum",Jā,Jā,S5,,,,,,
Copalia HCT,EU/1/09/575/044,Apvalkotās tabletes,"Amlodipinum, Valsartanum, Hydrochlorothiazidum",Jā,Jā,S5,,,,,,
Copalia HCT,EU/1/09/575/045,Apvalkotās tabletes,"Amlodipinum, Valsartanum, Hydrochlorothiazidum",Jā,Jā,S5,,,,,,
Copalia HCT,EU/1/09/575/046,Apvalkotās tabletes,"Amlodipinum, Valsartanum, Hydrochlorothiazidum",Jā,Jā,S5,,,,,,
Copalia HCT,EU/1/09/575/047,Apvalkotās tabletes,"Amlodipinum, Valsartanum, Hydrochlorothiazidum",Jā,Jā,S5,,,,,,
Copalia HCT,EU/1/09/575/048,Apvalkotās tabletes,"Amlodipinum, Valsartanum, Hydrochlorothiazidum",Jā,Jā,S5,,,,,,
Copalia HCT,EU/1/09/575/049,Apvalkotās tabletes,"Amlodipinum, Valsartanum, Hydrochlorothiazidum",Jā,Jā,S5,,,,,,
Copalia HCT,EU/1/09/575/050,Apvalkotās tabletes,"Amlodipinum, Valsartanum, Hydrochlorothiazidum",Jā,Jā,S5,,,,,,
Copalia HCT,EU/1/09/575/051,Apvalkotās tabletes,"Amlodipinum, Valsartanum, Hydrochlorothiazidum",Jā,Jā,S5,,,,,,
Copalia HCT,EU/1/09/575/052,Apvalkotās tabletes,"Amlodipinum, Valsartanum, Hydrochlorothiazidum",Jā,Jā,S5,,,,,,
Copalia HCT,EU/1/09/575/053,Apvalkotās tabletes,"Amlodipinum, Valsartanum, Hydrochlorothiazidum",Jā,Jā,S5,,,,,,
Copalia HCT,EU/1/09/575/054,Apvalkotās tabletes,"Amlodipinum, Valsartanum, Hydrochlorothiazidum",Jā,Jā,S5,,,,,,
Copalia HCT,EU/1/09/575/055,Apvalkotās tabletes,"Amlodipinum, Valsartanum, Hydrochlorothiazidum",Jā,Jā,S5,,,,,,
Copalia HCT,EU/1/09/575/056,Apvalkotās tabletes,"Amlodipinum, Valsartanum, Hydrochlorothiazidum",Jā,Jā,S5,,,,,,
Copalia HCT,EU/1/09/575/057,Apvalkotās tabletes,"Amlodipinum, Valsartanum, Hydrochlorothiazidum",Jā,Jā,S5,,,,,,
Copalia HCT,EU/1/09/575/058,Apvalkotās tabletes,"Amlodipinum, Valsartanum, Hydrochlorothiazidum",Jā,Jā,S5,,,,,,
Copalia HCT,EU/1/09/575/059,Apvalkotās tabletes,"Amlodipinum, Valsartanum, Hydrochlorothiazidum",Jā,Jā,S5,,,,,,
Copalia HCT,EU/1/09/575/060,Apvalkotās tabletes,"Amlodipinum, Valsartanum, Hydrochlorothiazidum",Jā,Jā,S5,,,,,,
Irbesartan/Hydrochlorothiazide Teva,EU/1/09/583/001,Apvalkotās tabletes,"Irbesartanum, Hydrochlorothiazidum",Jā,Jā,S5,,,,,,
Irbesartan/Hydrochlorothiazide Teva,EU/1/09/583/002,Apvalkotās tabletes,"Irbesartanum, Hydrochlorothiazidum",Jā,Jā,S5,,,,,,
Irbesartan/Hydrochlorothiazide Teva,EU/1/09/583/003,Apvalkotās tabletes,"Irbesartanum, Hydrochlorothiazidum",Jā,Jā,S5,,,,,,
Irbesartan/Hydrochlorothiazide Teva,EU/1/09/583/004,Apvalkotās tabletes,"Irbesartanum, Hydrochlorothiazidum",Jā,Jā,S5,,,,,,
Irbesartan/Hydrochlorothiazide Teva,EU/1/09/583/005,Apvalkotās tabletes,"Irbesartanum, Hydrochlorothiazidum",Jā,Jā,S5,,,,,,
Irbesartan/Hydrochlorothiazide Teva,EU/1/09/583/006,Apvalkotās tabletes,"Irbesartanum, Hydrochlorothiazidum",Jā,Jā,S5,,,,,,
Irbesartan/Hydrochlorothiazide Teva,EU/1/09/583/007,Apvalkotās tabletes,"Irbesartanum, Hydrochlorothiazidum",Jā,Jā,S5,,,,,,
Irbesartan/Hydrochlorothiazide Teva,EU/1/09/583/008,Apvalkotās tabletes,"Irbesartanum, Hydrochlorothiazidum",Jā,Jā,S5,,,,,,
Irbesartan/Hydrochlorothiazide Teva,EU/1/09/583/009,Apvalkotās tabletes,"Irbesartanum, Hydrochlorothiazidum",Jā,Jā,S5,,,,,,
Irbesartan/Hydrochlorothiazide Teva,EU/1/09/583/010,Apvalkotās tabletes,"Irbesartanum, Hydrochlorothiazidum",Jā,Jā,S5,,,,,,
Irbesartan/Hydrochlorothiazide Teva,EU/1/09/583/011,Apvalkotās tabletes,"Irbesartanum, Hydrochlorothiazidum",Jā,Jā,S5,,,,,,
Irbesartan/Hydrochlorothiazide Teva,EU/1/09/583/012,Apvalkotās tabletes,"Irbesartanum, Hydrochlorothiazidum",Jā,Jā,S5,,,,,,
Irbesartan/Hydrochlorothiazide Teva,EU/1/09/583/013,Apvalkotās tabletes,"Irbesartanum, Hydrochlorothiazidum",Jā,Jā,S5,,,,,,
Irbesartan/Hydrochlorothiazide Teva,EU/1/09/583/014,Apvalkotās tabletes,"Irbesartanum, Hydrochlorothiazidum",Jā,Jā,S5,,,,,,
Irbesartan/Hydrochlorothiazide Teva,EU/1/09/583/015,Apvalkotās tabletes,"Irbesartanum, Hydrochlorothiazidum",Jā,Jā,S5,,,,,,
Irbesartan/Hydrochlorothiazide Teva,EU/1/09/583/016,Apvalkotās tabletes,"Irbesartanum, Hydrochlorothiazidum",Jā,Jā,S5,,,,,,
Irbesartan/Hydrochlorothiazide Teva,EU/1/09/583/017,Apvalkotās tabletes,"Irbesartanum, Hydrochlorothiazidum",Jā,Jā,S5,,,,,,
Irbesartan/Hydrochlorothiazide Teva,EU/1/09/583/018,Apvalkotās tabletes,"Irbesartanum, Hydrochlorothiazidum",Jā,Jā,S5,,,,,,
Irbesartan/Hydrochlorothiazide Teva,EU/1/09/583/019,Apvalkotās tabletes,"Irbesartanum, Hydrochlorothiazidum",Jā,Jā,S5,,,,,,
Irbesartan/Hydrochlorothiazide Teva,EU/1/09/583/020,Apvalkotās tabletes,"Irbesartanum, Hydrochlorothiazidum",Jā,Jā,S5,,,,,,
Irbesartan/Hydrochlorothiazide Teva,EU/1/09/583/021,Apvalkotās tabletes,"Irbesartanum, Hydrochlorothiazidum",Jā,Jā,S5,,,,,,
Irbesartan/Hydrochlorothiazide Teva,EU/1/09/583/022,Apvalkotās tabletes,"Irbesartanum, Hydrochlorothiazidum",Jā,Jā,S5,,,,,,
Irbesartan/Hydrochlorothiazide Teva,EU/1/09/583/023,Apvalkotās tabletes,"Irbesartanum, Hydrochlorothiazidum",Jā,Jā,S5,,,,,,
Irbesartan/Hydrochlorothiazide Teva,EU/1/09/583/024,Apvalkotās tabletes,"Irbesartanum, Hydrochlorothiazidum",Jā,Jā,S5,,,,,,
Irbesartan/Hydrochlorothiazide Teva,EU/1/09/583/025,Apvalkotās tabletes,"Irbesartanum, Hydrochlorothiazidum",Jā,Jā,S5,,,,,,
Irbesartan/Hydrochlorothiazide Teva,EU/1/09/583/026,Apvalkotās tabletes,"Irbesartanum, Hydrochlorothiazidum",Jā,Jā,S5,,,,,,
Irbesartan/Hydrochlorothiazide Teva,EU/1/09/583/027,Apvalkotās tabletes,"Irbesartanum, Hydrochlorothiazidum",Jā,Jā,S5,,,,,,
Irbesartan/Hydrochlorothiazide Teva,EU/1/09/583/028,Apvalkotās tabletes,"Irbesartanum, Hydrochlorothiazidum",Jā,Jā,S5,,,,,,
Irbesartan/Hydrochlorothiazide Teva,EU/1/09/583/029,Apvalkotās tabletes,"Irbesartanum, Hydrochlorothiazidum",Jā,Jā,S5,,,,,,
Irbesartan/Hydrochlorothiazide Teva,EU/1/09/583/030,Apvalkotās tabletes,"Irbesartanum, Hydrochlorothiazidum",Jā,Jā,S5,,,,,,
Irbesartan/Hydrochlorothiazide Teva,EU/1/09/583/031,Apvalkotās tabletes,"Irbesartanum, Hydrochlorothiazidum",Jā,Jā,S5,,,,,,
Irbesartan/Hydrochlorothiazide Teva,EU/1/09/583/032,Apvalkotās tabletes,"Irbesartanum, Hydrochlorothiazidum",Jā,Jā,S5,,,,,,
Irbesartan/Hydrochlorothiazide Teva,EU/1/09/583/033,Apvalkotās tabletes,"Irbesartanum, Hydrochlorothiazidum",Jā,Jā,S5,,,,,,
Irbesartan/Hydrochlorothiazide Teva,EU/1/09/583/034,Apvalkotās tabletes,"Irbesartanum, Hydrochlorothiazidum",Jā,Jā,S5,,,,,,
Irbesartan/Hydrochlorothiazide Teva,EU/1/09/583/035,Apvalkotās tabletes,"Irbesartanum, Hydrochlorothiazidum",Jā,Jā,S5,,,,,,
Irbesartan/Hydrochlorothiazide Teva,EU/1/09/583/036,Apvalkotās tabletes,"Irbesartanum, Hydrochlorothiazidum",Jā,Jā,S5,,,,,,
Irbesartan/Hydrochlorothiazide Teva,EU/1/09/583/037,Apvalkotās tabletes,"Irbesartanum, Hydrochlorothiazidum",Jā,Jā,S5,,,,,,
Irbesartan/Hydrochlorothiazide Teva,EU/1/09/583/038,Apvalkotās tabletes,"Irbesartanum, Hydrochlorothiazidum",Jā,Jā,S5,,,,,,
Irbesartan/Hydrochlorothiazide Teva,EU/1/09/583/039,Apvalkotās tabletes,"Irbesartanum, Hydrochlorothiazidum",Jā,Jā,S5,,,,,,
Irbesartan/Hydrochlorothiazide Teva,EU/1/09/583/040,Apvalkotās tabletes,"Irbesartanum, Hydrochlorothiazidum",Jā,Jā,S5,,,,,,
Irbesartan/Hydrochlorothiazide Teva,EU/1/09/583/041,Apvalkotās tabletes,"Irbesartanum, Hydrochlorothiazidum",Jā,Jā,S5,,,,,,
Irbesartan/Hydrochlorothiazide Teva,EU/1/09/583/042,Apvalkotās tabletes,"Irbesartanum, Hydrochlorothiazidum",Jā,Jā,S5,,,,,,
Irbesartan/Hydrochlorothiazide Teva,EU/1/09/583/043,Apvalkotās tabletes,"Irbesartanum, Hydrochlorothiazidum",Jā,Jā,S5,,,,,,
Irbesartan/Hydrochlorothiazide Teva,EU/1/09/583/044,Apvalkotās tabletes,"Irbesartanum, Hydrochlorothiazidum",Jā,Jā,S5,,,,,,
Irbesartan/Hydrochlorothiazide Teva,EU/1/09/583/045,Apvalkotās tabletes,"Irbesartanum, Hydrochlorothiazidum",Jā,Jā,S5,,,,,,
Irbesartan/Hydrochlorothiazide Teva,EU/1/09/583/046,Apvalkotās tabletes,"Irbesartanum, Hydrochlorothiazidum",Jā,Jā,S5,,,,,,
Irbesartan/Hydrochlorothiazide Teva,EU/1/09/583/047,Apvalkotās tabletes,"Irbesartanum, Hydrochlorothiazidum",Jā,Jā,S5,,,,,,
Irbesartan/Hydrochlorothiazide Teva,EU/1/09/583/048,Apvalkotās tabletes,"Irbesartanum, Hydrochlorothiazidum",Jā,Jā,S5,,,,,,
Irbesartan/Hydrochlorothiazide Teva,EU/1/09/583/049,Apvalkotās tabletes,"Irbesartanum, Hydrochlorothiazidum",Jā,Jā,S5,,,,,,
Irbesartan/Hydrochlorothiazide Teva,EU/1/09/583/050,Apvalkotās tabletes,"Irbesartanum, Hydrochlorothiazidum",Jā,Jā,S5,,,,,,
Irbesartan/Hydrochlorothiazide Teva,EU/1/09/583/051,Apvalkotās tabletes,"Irbesartanum, Hydrochlorothiazidum",Jā,Jā,S5,,,,,,
Irbesartan/Hydrochlorothiazide Teva,EU/1/09/583/052,Apvalkotās tabletes,"Irbesartanum, Hydrochlorothiazidum",Jā,Jā,S5,,,,,,
Irbesartan/Hydrochlorothiazide Teva,EU/1/09/583/053,Apvalkotās tabletes,"Irbesartanum, Hydrochlorothiazidum",Jā,Jā,S5,,,,,,
Irbesartan/Hydrochlorothiazide Teva,EU/1/09/583/054,Apvalkotās tabletes,"Irbesartanum, Hydrochlorothiazidum",Jā,Jā,S5,,,,,,
Irbesartan/Hydrochlorothiazide Teva,EU/1/09/583/055,Apvalkotās tabletes,"Irbesartanum, Hydrochlorothiazidum",Jā,Jā,S5,,,,,,
Irbesartan/Hydrochlorothiazide Teva,EU/1/09/583/056,Apvalkotās tabletes,"Irbesartanum, Hydrochlorothiazidum",Jā,Jā,S5,,,,,,
Irbesartan/Hydrochlorothiazide Teva,EU/1/09/583/057,Apvalkotās tabletes,"Irbesartanum, Hydrochlorothiazidum",Jā,Jā,S5,,,,,,
Irbesartan/Hydrochlorothiazide Teva,EU/1/09/583/058,Apvalkotās tabletes,"Irbesartanum, Hydrochlorothiazidum",Jā,Jā,S5,,,,,,
Irbesartan/Hydrochlorothiazide Teva,EU/1/09/583/059,Apvalkotās tabletes,"Irbesartanum, Hydrochlorothiazidum",Jā,Jā,S5,,,,,,
Irbesartan/Hydrochlorothiazide Teva,EU/1/09/583/060,Apvalkotās tabletes,"Irbesartanum, Hydrochlorothiazidum",Jā,Jā,S5,,,,,,
Irbesartan/Hydrochlorothiazide Teva,EU/1/09/583/061,Apvalkotās tabletes,"Irbesartanum, Hydrochlorothiazidum",Jā,Jā,S5,,,,,,
Irbesartan/Hydrochlorothiazide Teva,EU/1/09/583/062,Apvalkotās tabletes,"Irbesartanum, Hydrochlorothiazidum",Jā,Jā,S5,,,,,,
Irbesartan/Hydrochlorothiazide Teva,EU/1/09/583/063,Apvalkotās tabletes,"Irbesartanum, Hydrochlorothiazidum",Jā,Jā,S5,,,,,,
Irbesartan/Hydrochlorothiazide Teva,EU/1/09/583/064,Apvalkotās tabletes,"Irbesartanum, Hydrochlorothiazidum",Jā,Jā,S5,,,,,,
Irbesartan/Hydrochlorothiazide Teva,EU/1/09/583/065,Apvalkotās tabletes,"Irbesartanum, Hydrochlorothiazidum",Jā,Jā,S5,,,,,,
Irbesartan/Hydrochlorothiazide Teva,EU/1/09/583/066,Apvalkotās tabletes,"Irbesartanum, Hydrochlorothiazidum",Jā,Jā,S5,,,,,,
Irbesartan/Hydrochlorothiazide Teva,EU/1/09/583/067,Apvalkotās tabletes,"Irbesartanum, Hydrochlorothiazidum",Jā,Jā,S5,,,,,,
Irbesartan/Hydrochlorothiazide Teva,EU/1/09/583/068,Apvalkotās tabletes,"Irbesartanum, Hydrochlorothiazidum",Jā,Jā,S5,,,,,,
Irbesartan/Hydrochlorothiazide Teva,EU/1/09/583/069,Apvalkotās tabletes,"Irbesartanum, Hydrochlorothiazidum",Jā,Jā,S5,,,,,,
Irbesartan/Hydrochlorothiazide Teva,EU/1/09/583/070,Apvalkotās tabletes,"Irbesartanum, Hydrochlorothiazidum",Jā,Jā,S5,,,,,,
Irbesartan/Hydrochlorothiazide Teva,EU/1/09/583/071,Apvalkotās tabletes,"Irbesartanum, Hydrochlorothiazidum",Jā,Jā,S5,,,,,,
Irbesartan/Hydrochlorothiazide Teva,EU/1/09/583/072,Apvalkotās tabletes,"Irbesartanum, Hydrochlorothiazidum",Jā,Jā,S5,,,,,,
Irbesartan/Hydrochlorothiazide Teva,EU/1/09/583/073,Apvalkotās tabletes,"Irbesartanum, Hydrochlorothiazidum",Jā,Jā,S5,,,,,,
Irbesartan/Hydrochlorothiazide Teva,EU/1/09/583/074,Apvalkotās tabletes,"Irbesartanum, Hydrochlorothiazidum",Jā,Jā,S5,,,,,,
Irbesartan/Hydrochlorothiazide Teva,EU/1/09/583/075,Apvalkotās tabletes,"Irbesartanum, Hydrochlorothiazidum",Jā,Jā,S5,,,,,,
Irbesartan/Hydrochlorothiazide Teva,EU/1/09/583/076,Apvalkotās tabletes,"Irbesartanum, Hydrochlorothiazidum",Jā,Jā,S5,,,,,,
Irbesartan/Hydrochlorothiazide Teva,EU/1/09/583/077,Apvalkotās tabletes,"Irbesartanum, Hydrochlorothiazidum",Jā,Jā,S5,,,,,,
Irbesartan/Hydrochlorothiazide Teva,EU/1/09/583/078,Apvalkotās tabletes,"Irbesartanum, Hydrochlorothiazidum",Jā,Jā,S5,,,,,,
Ifirmacombi,EU/1/11/673/001,Apvalkotās tabletes,"Irbesartanum, Hydrochlorothiazidum",Jā,Jā,S5,,,,,,
Ifirmacombi,EU/1/11/673/002,Apvalkotās tabletes,"Irbesartanum, Hydrochlorothiazidum",Jā,Jā,S5,,,,,,
Ifirmacombi,EU/1/11/673/003,Apvalkotās tabletes,"Irbesartanum, Hydrochlorothiazidum",Jā,Jā,S5,,,,,,
Ifirmacombi,EU/1/11/673/004,Apvalkotās tabletes,"Irbesartanum, Hydrochlorothiazidum",Jā,Jā,S5,,,,,,
Ifirmacombi,EU/1/11/673/005,Apvalkotās tabletes,"Irbesartanum, Hydrochlorothiazidum",Jā,Jā,S5,,,,,,
Ifirmacombi,EU/1/11/673/006,Apvalkotās tabletes,"Irbesartanum, Hydrochlorothiazidum",Jā,Jā,S5,,,,,,
Ifirmacombi,EU/1/11/673/007,Apvalkotās tabletes,"Irbesartanum, Hydrochlorothiazidum",Jā,Jā,S5,,,,,,
Ifirmacombi,EU/1/11/673/008,Apvalkotās tabletes,"Irbesartanum, Hydrochlorothiazidum",Jā,Jā,S5,,,,,,
Ifirmacombi,EU/1/11/673/009,Apvalkotās tabletes,"Irbesartanum, Hydrochlorothiazidum",Jā,Jā,S5,,,,,,
Ifirmacombi,EU/1/11/673/010,Apvalkotās tabletes,"Irbesartanum, Hydrochlorothiazidum",Jā,Jā,S5,,,,,,
Ifirmacombi,EU/1/11/673/011,Apvalkotās tabletes,"Irbesartanum, Hydrochlorothiazidum",Jā,Jā,S5,,,,,,
Ifirmacombi,EU/1/11/673/012,Apvalkotās tabletes,"Irbesartanum, Hydrochlorothiazidum",Jā,Jā,S5,,,,,,
Ifirmacombi,EU/1/11/673/013,Apvalkotās tabletes,"Irbesartanum, Hydrochlorothiazidum",Jā,Jā,S5,,,,,,
Ifirmacombi,EU/1/11/673/014,Apvalkotās tabletes,"Irbesartanum, Hydrochlorothiazidum",Jā,Jā,S5,,,,,,
Ifirmacombi,EU/1/11/673/015,Apvalkotās tabletes,"Irbesartanum, Hydrochlorothiazidum",Jā,Jā,S5,,,,,,
Ifirmacombi,EU/1/11/673/016,Apvalkotās tabletes,"Irbesartanum, Hydrochlorothiazidum",Jā,Jā,S5,,,,,,
Ifirmacombi,EU/1/11/673/017,Apvalkotās tabletes,"Irbesartanum, Hydrochlorothiazidum",Jā,Jā,S5,,,,,,
Ifirmacombi,EU/1/11/673/018,Apvalkotās tabletes,"Irbesartanum, Hydrochlorothiazidum",Jā,Jā,S5,,,,,,
Ifirmacombi,EU/1/11/673/019,Apvalkotās tabletes,"Irbesartanum, Hydrochlorothiazidum",Jā,Jā,S5,,,,,,
Ifirmacombi,EU/1/11/673/020,Apvalkotās tabletes,"Irbesartanum, Hydrochlorothiazidum",Jā,Jā,S5,,,,,,
Ifirmacombi,EU/1/11/673/021,Apvalkotās tabletes,"Irbesartanum, Hydrochlorothiazidum",Jā,Jā,S5,,,,,,
Ifirmacombi,EU/1/11/673/022,Apvalkotās tabletes,"Irbesartanum, Hydrochlorothiazidum",Jā,Jā,S5,,,,,,
Ifirmacombi,EU/1/11/673/023,Apvalkotās tabletes,"Irbesartanum, Hydrochlorothiazidum",Jā,Jā,S5,,,,,,
Ifirmacombi,EU/1/11/673/024,Apvalkotās tabletes,"Irbesartanum, Hydrochlorothiazidum",Jā,Jā,S5,,,,,,
Actelsar HCT,EU/1/13/817/001,Tabletes,"Telmisartanum, Hydrochlorothiazidum",Jā,Jā,S5,,,,,,
Actelsar HCT,EU/1/13/817/002,Tabletes,"Telmisartanum, Hydrochlorothiazidum",Jā,Jā,S5,,,,,,
Actelsar HCT,EU/1/13/817/003,Tabletes,"Telmisartanum, Hydrochlorothiazidum",Jā,Jā,S5,,,,,,
Actelsar HCT,EU/1/13/817/004,Tabletes,"Telmisartanum, Hydrochlorothiazidum",Jā,Jā,S5,,,,,,
Actelsar HCT,EU/1/13/817/005,Tabletes,"Telmisartanum, Hydrochlorothiazidum",Jā,Jā,S5,,,,,,
Actelsar HCT,EU/1/13/817/006,Tabletes,"Telmisartanum, Hydrochlorothiazidum",Jā,Jā,S5,,,,,,
Actelsar HCT,EU/1/13/817/007,Tabletes,"Telmisartanum, Hydrochlorothiazidum",Jā,Jā,S5,,,,,,
Actelsar HCT,EU/1/13/817/008,Tabletes,"Telmisartanum, Hydrochlorothiazidum",Jā,Jā,S5,,,,,,
Actelsar HCT,EU/1/13/817/009,Tabletes,"Telmisartanum, Hydrochlorothiazidum",Jā,Jā,S5,,,,,,
Actelsar HCT,EU/1/13/817/010,Tabletes,"Telmisartanum, Hydrochlorothiazidum",Jā,Jā,S5,,,,,,
Actelsar HCT,EU/1/13/817/011,Tabletes,"Telmisartanum, Hydrochlorothiazidum",Jā,Jā,S5,,,,,,
Actelsar HCT,EU/1/13/817/012,Tabletes,"Telmisartanum, Hydrochlorothiazidum",Jā,Jā,S5,,,,,,
Actelsar HCT,EU/1/13/817/013,Tabletes,"Telmisartanum, Hydrochlorothiazidum",Jā,Jā,S5,,,,,,
Actelsar HCT,EU/1/13/817/014,Tabletes,"Telmisartanum, Hydrochlorothiazidum",Jā,Jā,S5,,,,,,
Actelsar HCT,EU/1/13/817/015,Tabletes,"Telmisartanum, Hydrochlorothiazidum",Jā,Jā,S5,,,,,,
Actelsar HCT,EU/1/13/817/016,Tabletes,"Telmisartanum, Hydrochlorothiazidum",Jā,Jā,S5,,,,,,
Actelsar HCT,EU/1/13/817/017,Tabletes,"Telmisartanum, Hydrochlorothiazidum",Jā,Jā,S5,,,,,,
Actelsar HCT,EU/1/13/817/018,Tabletes,"Telmisartanum, Hydrochlorothiazidum",Jā,Jā,S5,,,,,,
Actelsar HCT,EU/1/13/817/019,Tabletes,"Telmisartanum, Hydrochlorothiazidum",Jā,Jā,S5,,,,,,
Actelsar HCT,EU/1/13/817/020,Tabletes,"Telmisartanum, Hydrochlorothiazidum",Jā,Jā,S5,,,,,,
Actelsar HCT,EU/1/13/817/021,Tabletes,"Telmisartanum, Hydrochlorothiazidum",Jā,Jā,S5,,,,,,
Actelsar HCT,EU/1/13/817/022,Tabletes,"Telmisartanum, Hydrochlorothiazidum",Jā,Jā,S5,,,,,,
Actelsar HCT,EU/1/13/817/023,Tabletes,"Telmisartanum, Hydrochlorothiazidum",Jā,Jā,S5,,,,,,
Actelsar HCT,EU/1/13/817/024,Tabletes,"Telmisartanum, Hydrochlorothiazidum",Jā,Jā,S5,,,,,,
Actelsar HCT,EU/1/13/817/025,Tabletes,"Telmisartanum, Hydrochlorothiazidum",Jā,Jā,S5,,,,,,
Actelsar HCT,EU/1/13/817/026,Tabletes,"Telmisartanum, Hydrochlorothiazidum",Jā,Jā,S5,,,,,,
Actelsar HCT,EU/1/13/817/027,Tabletes,"Telmisartanum, Hydrochlorothiazidum",Jā,Jā,S5,,,,,,
Actelsar HCT,EU/1/13/817/028,Tabletes,"Telmisartanum, Hydrochlorothiazidum",Jā,Jā,S5,,,,,,
Actelsar HCT,EU/1/13/817/029,Tabletes,"Telmisartanum, Hydrochlorothiazidum",Jā,Jā,S5,,,,,,
Actelsar HCT,EU/1/13/817/030,Tabletes,"Telmisartanum, Hydrochlorothiazidum",Jā,Jā,S5,,,,,,
Actelsar HCT,EU/1/13/817/031,Tabletes,"Telmisartanum, Hydrochlorothiazidum",Jā,Jā,S5,,,,,,
Actelsar HCT,EU/1/13/817/032,Tabletes,"Telmisartanum, Hydrochlorothiazidum",Jā,Jā,S5,,,,,,
Actelsar HCT,EU/1/13/817/033,Tabletes,"Telmisartanum, Hydrochlorothiazidum",Jā,Jā,S5,,,,,,
Actelsar HCT,EU/1/13/817/034,Tabletes,"Telmisartanum, Hydrochlorothiazidum",Jā,Jā,S5,,,,,,
Actelsar HCT,EU/1/13/817/035,Tabletes,"Telmisartanum, Hydrochlorothiazidum",Jā,Jā,S5,,,,,,
Actelsar HCT,EU/1/13/817/036,Tabletes,"Telmisartanum, Hydrochlorothiazidum",Jā,Jā,S5,,,,,,
Actelsar HCT,EU/1/13/817/037,Tabletes,"Telmisartanum, Hydrochlorothiazidum",Jā,Jā,S5,,,,,,
Actelsar HCT,EU/1/13/817/038,Tabletes,"Telmisartanum, Hydrochlorothiazidum",Jā,Jā,S5,,,,,,
Actelsar HCT,EU/1/13/817/039,Tabletes,"Telmisartanum, Hydrochlorothiazidum",Jā,Jā,S5,,,,,,
Actelsar HCT,EU/1/13/817/040,Tabletes,"Telmisartanum, Hydrochlorothiazidum",Jā,Jā,S5,,,,,,
Actelsar HCT,EU/1/13/817/041,Tabletes,"Telmisartanum, Hydrochlorothiazidum",Jā,Jā,S5,,,,,,
Actelsar HCT,EU/1/13/817/042,Tabletes,"Telmisartanum, Hydrochlorothiazidum",Jā,Jā,S5,,,,,,
Actelsar HCT,EU/1/13/817/043,Tabletes,"Telmisartanum, Hydrochlorothiazidum",Jā,Jā,S5,,,,,,
Actelsar HCT,EU/1/13/817/044,Tabletes,"Telmisartanum, Hydrochlorothiazidum",Jā,Jā,S5,,,,,,
Actelsar HCT,EU/1/13/817/045,Tabletes,"Telmisartanum, Hydrochlorothiazidum",Jā,Jā,S5,,,,,,
Actelsar HCT,EU/1/13/817/046,Tabletes,"Telmisartanum, Hydrochlorothiazidum",Jā,Jā,S5,,,,,,
Tolucombi,EU/1/13/821/001,Tabletes,"Telmisartanum, Hydrochlorothiazidum",Jā,Jā,S5,,,,,,
Tolucombi,EU/1/13/821/002,Tabletes,"Telmisartanum, Hydrochlorothiazidum",Jā,Jā,S5,,,,,,
Tolucombi,EU/1/13/821/003,Tabletes,"Telmisartanum, Hydrochlorothiazidum",Jā,Jā,S5,,,,,,
Tolucombi,EU/1/13/821/004,Tabletes,"Telmisartanum, Hydrochlorothiazidum",Jā,Jā,S5,,,,,,
Tolucombi,EU/1/13/821/005,Tabletes,"Telmisartanum, Hydrochlorothiazidum",Jā,Jā,S5,,,,,,
Tolucombi,EU/1/13/821/006,Tabletes,"Telmisartanum, Hydrochlorothiazidum",Jā,Jā,S5,,,,,,
Tolucombi,EU/1/13/821/007,Tabletes,"Telmisartanum, Hydrochlorothiazidum",Jā,Jā,S5,,,,,,
Tolucombi,EU/1/13/821/008,Tabletes,"Telmisartanum, Hydrochlorothiazidum",Jā,Jā,S5,,,,,,
Tolucombi,EU/1/13/821/009,Tabletes,"Telmisartanum, Hydrochlorothiazidum",Jā,Jā,S5,,,,,,
Tolucombi,EU/1/13/821/010,Tabletes,"Telmisartanum, Hydrochlorothiazidum",Jā,Jā,S5,,,,,,
Tolucombi,EU/1/13/821/011,Tabletes,"Telmisartanum, Hydrochlorothiazidum",Jā,Jā,S5,,,,,,
Tolucombi,EU/1/13/821/012,Tabletes,"Telmisartanum, Hydrochlorothiazidum",Jā,Jā,S5,,,,,,
Tolucombi,EU/1/13/821/013,Tabletes,"Telmisartanum, Hydrochlorothiazidum",Jā,Jā,S5,,,,,,
Tolucombi,EU/1/13/821/014,Tabletes,"Telmisartanum, Hydrochlorothiazidum",Jā,Jā,S5,,,,,,
Tolucombi,EU/1/13/821/015,Tabletes,"Telmisartanum, Hydrochlorothiazidum",Jā,Jā,S5,,,,,,
Tolucombi,EU/1/13/821/016,Tabletes,"Telmisartanum, Hydrochlorothiazidum",Jā,Jā,S5,,,,,,
Tolucombi,EU/1/13/821/017,Tabletes,"Telmisartanum, Hydrochlorothiazidum",Jā,Jā,S5,,,,,,
Tolucombi,EU/1/13/821/018,Tabletes,"Telmisartanum, Hydrochlorothiazidum",Jā,Jā,S5,,,,,,
Tolucombi,EU/1/13/821/019,Tabletes,"Telmisartanum, Hydrochlorothiazidum",Jā,Jā,S5,,,,,,
Tolucombi,EU/1/13/821/020,Tabletes,"Telmisartanum, Hydrochlorothiazidum",Jā,Jā,S5,,,,,,
Tolucombi,EU/1/13/821/021,Tabletes,"Telmisartanum, Hydrochlorothiazidum",Jā,Jā,S5,,,,,,
Tolucombi,EU/1/13/821/022,Tabletes,"Telmisartanum, Hydrochlorothiazidum",Jā,Jā,S5,,,,,,
Tolucombi,EU/1/13/821/023,Tabletes,"Telmisartanum, Hydrochlorothiazidum",Jā,Jā,S5,,,,,,
Tolucombi,EU/1/13/821/024,Tabletes,"Telmisartanum, Hydrochlorothiazidum",Jā,Jā,S5,,,,,,
Tolucombi,EU/1/13/821/025,Tabletes,"Telmisartanum, Hydrochlorothiazidum",Jā,Jā,S5,,,,,,
Tolucombi,EU/1/13/821/026,Tabletes,"Telmisartanum, Hydrochlorothiazidum",Jā,Jā,S5,,,,,,
Tolucombi,EU/1/13/821/027,Tabletes,"Telmisartanum, Hydrochlorothiazidum",Jā,Jā,S5,,,,,,
Tolucombi,EU/1/13/821/028,Tabletes,"Telmisartanum, Hydrochlorothiazidum",Jā,Jā,S5,,,,,,
Tolucombi,EU/1/13/821/029,Tabletes,"Telmisartanum, Hydrochlorothiazidum",Jā,Jā,S5,,,,,,
Tolucombi,EU/1/13/821/030,Tabletes,"Telmisartanum, Hydrochlorothiazidum",Jā,Jā,S5,,,,,,
Tolucombi,EU/1/13/821/031,Tabletes,"Telmisartanum, Hydrochlorothiazidum",Jā,Jā,S5,,,,,,
Tolucombi,EU/1/13/821/032,Tabletes,"Telmisartanum, Hydrochlorothiazidum",Jā,Jā,S5,,,,,,
Tolucombi,EU/1/13/821/033,Tabletes,"Telmisartanum, Hydrochlorothiazidum",Jā,Jā,S5,,,,,,
Jinarc,EU/1/15/1000/001,Tabletes,Tolvaptanum,Jā,Jā,S5,,,,,,
Jinarc,EU/1/15/1000/002,Tabletes,Tolvaptanum,Jā,Jā,S5,,,,,,
Jinarc,EU/1/15/1000/003,Tabletes,Tolvaptanum,Jā,Jā,S5,,,,,,
Jinarc,EU/1/15/1000/004,Tabletes,Tolvaptanum,Jā,Jā,S5,,,,,,
Jinarc,EU/1/15/1000/005,Tabletes,Tolvaptanum,Jā,Jā,S5,,,,,,
Jinarc,EU/1/15/1000/006,Tabletes,Tolvaptanum,Jā,Jā,S5,,,,,,
Jinarc,EU/1/15/1000/007,Tabletes,Tolvaptanum,Jā,Jā,S5,,,,,,
Jinarc,EU/1/15/1000/008,Tabletes,Tolvaptanum,Jā,Jā,S5,,,,,,
Jinarc,EU/1/15/1000/009,Tabletes,Tolvaptanum,Jā,Jā,S5,,,,,,
Jinarc,EU/1/15/1000/010,Tabletes,Tolvaptanum,Jā,Jā,S5,,,,,,
Jinarc,EU/1/15/1000/011,Tabletes,Tolvaptanum,Jā,Jā,S5,,,,,,
Jinarc,EU/1/15/1000/012,Tabletes,Tolvaptanum,Jā,Jā,S5,,,,,,
Jinarc,EU/1/15/1000/013,Tabletes,Tolvaptanum,Jā,Jā,S5,,,,,,
Jinarc,EU/1/15/1000/014,Tabletes,Tolvaptanum,Jā,Jā,S5,,,,,,
Jinarc,EU/1/15/1000/015,Tabletes,Tolvaptanum,Jā,Jā,S5,,,,,,
Jinarc,EU/1/15/1000/016,Tabletes,Tolvaptanum,Jā,Jā,S5,,,,,,
Jinarc,EU/1/15/1000/017,Tabletes,Tolvaptanum,Jā,Jā,S5,,,,,,
Jinarc,EU/1/15/1000/018,Tabletes,Tolvaptanum,Jā,Jā,S5,,,,,,
Jinarc,EU/1/15/1000/019,Tabletes,Tolvaptanum,Jā,Jā,S5,,,,,,
Jinarc,EU/1/15/1000/020,Tabletes,Tolvaptanum,Jā,Jā,S5,,,,,,
Jinarc,EU/1/15/1000/021,Tabletes,Tolvaptanum,Jā,Jā,S5,,,,,,
Jinarc,EU/1/15/1000/022,Tabletes,Tolvaptanum,Jā,Jā,S5,,,,,,
Kerendia,EU/1/21/1616/001,Apvalkotā tablete,Finerenonum,Jā,Jā,S5,,,,,,
Kerendia,EU/1/21/1616/002,Apvalkotā tablete,Finerenonum,Jā,Jā,S5,,,,,,
Kerendia,EU/1/21/1616/003,Apvalkotā tablete,Finerenonum,Jā,Jā,S5,,,,,,
Kerendia,EU/1/21/1616/004,Apvalkotā tablete,Finerenonum,Jā,Jā,S5,,,,,,
Kerendia,EU/1/21/1616/005,Apvalkotā tablete,Finerenonum,Jā,Jā,S5,,,,,,
Kerendia,EU/1/21/1616/006,Apvalkotā tablete,Finerenonum,Jā,Jā,S5,,,,,,
Kerendia,EU/1/21/1616/007,Apvalkotā tablete,Finerenonum,Jā,Jā,S5,,,,,,
Kerendia,EU/1/21/1616/008,Apvalkotā tablete,Finerenonum,Jā,Jā,S5,,,,,,
Kerendia,EU/1/21/1616/009,Apvalkotā tablete,Finerenonum,Jā,Jā,S5,,,,,,
Kerendia,EU/1/21/1616/010,Apvalkotā tablete,Finerenonum,Jā,Jā,S5,,,,,,
Karvezide,EU/1/98/085/001,Tabletes,"Irbesartanum, Hydrochlorothiazidum",Jā,Jā,S5,,,,,,
Karvezide,EU/1/98/085/002,Tabletes,"Irbesartanum, Hydrochlorothiazidum",Jā,Jā,S5,,,,,,
Karvezide,EU/1/98/085/003,Tabletes,"Irbesartanum, Hydrochlorothiazidum",Jā,Jā,S5,,,,,,
Karvezide,EU/1/98/085/004,Tabletes,"Irbesartanum, Hydrochlorothiazidum",Jā,Jā,S5,,,,,,
Karvezide,EU/1/98/085/005,Tabletes,"Irbesartanum, Hydrochlorothiazidum",Jā,Jā,S5,,,,,,
Karvezide,EU/1/98/085/006,Tabletes,"Irbesartanum, Hydrochlorothiazidum",Jā,Jā,S5,,,,,,
Karvezide,EU/1/98/085/007,Tabletes,"Irbesartanum, Hydrochlorothiazidum",Jā,Jā,S5,,,,,,
Karvezide,EU/1/98/085/008,Tabletes,"Irbesartanum, Hydrochlorothiazidum",Jā,Jā,S5,,,,,,
Karvezide,EU/1/98/085/009,Tabletes,"Irbesartanum, Hydrochlorothiazidum",Jā,Jā,S5,,,,,,
Karvezide,EU/1/98/085/010,Tabletes,"Irbesartanum, Hydrochlorothiazidum",Jā,Jā,S5,,,,,,
Karvezide,EU/1/98/085/011,Apvalkotās tabletes,"Irbesartanum, Hydrochlorothiazidum",Jā,Jā,S5,,,,,,
Karvezide,EU/1/98/085/012,Apvalkotās tabletes,"Irbesartanum, Hydrochlorothiazidum",Jā,Jā,S5,,,,,,
Karvezide,EU/1/98/085/013,Apvalkotās tabletes,"Irbesartanum, Hydrochlorothiazidum",Jā,Jā,S5,,,,,,
Karvezide,EU/1/98/085/014,Apvalkotās tabletes,"Irbesartanum, Hydrochlorothiazidum",Jā,Jā,S5,,,,,,
Karvezide,EU/1/98/085/015,Apvalkotās tabletes,"Irbesartanum, Hydrochlorothiazidum",Jā,Jā,S5,,,,,,
Karvezide,EU/1/98/085/016,Apvalkotās tabletes,"Irbesartanum, Hydrochlorothiazidum",Jā,Jā,S5,,,,,,
Karvezide,EU/1/98/085/017,Apvalkotās tabletes,"Irbesartanum, Hydrochlorothiazidum",Jā,Jā,S5,,,,,,
Karvezide,EU/1/98/085/018,Apvalkotās tabletes,"Irbesartanum, Hydrochlorothiazidum",Jā,Jā,S5,,,,,,
Karvezide,EU/1/98/085/019,Apvalkotās tabletes,"Irbesartanum, Hydrochlorothiazidum",Jā,Jā,S5,,,,,,
Karvezide,EU/1/98/085/020,Apvalkotās tabletes,"Irbesartanum, Hydrochlorothiazidum",Jā,Jā,S5,,,,,,
Karvezide,EU/1/98/085/021,Apvalkotās tabletes,"Irbesartanum, Hydrochlorothiazidum",Jā,Jā,S5,,,,,,
Karvezide,EU/1/98/085/022,Apvalkotās tabletes,"Irbesartanum, Hydrochlorothiazidum",Jā,Jā,S5,,,,,,
Karvezide,EU/1/98/085/023,Apvalkotās tabletes,"Irbesartanum, Hydrochlorothiazidum",Jā,Jā,S5,,,,,,
Karvezide,EU/1/98/085/024,Apvalkotās tabletes,"Irbesartanum, Hydrochlorothiazidum",Jā,Jā,S5,,,,,,
Karvezide,EU/1/98/085/025,Apvalkotās tabletes,"Irbesartanum, Hydrochlorothiazidum",Jā,Jā,S5,,,,,,
Karvezide,EU/1/98/085/026,Apvalkotās tabletes,"Irbesartanum, Hydrochlorothiazidum",Jā,Jā,S5,,,,,,
Karvezide,EU/1/98/085/027,Apvalkotās tabletes,"Irbesartanum, Hydrochlorothiazidum",Jā,Jā,S5,,,,,,
Karvezide,EU/1/98/085/028,Apvalkotās tabletes,"Irbesartanum, Hydrochlorothiazidum",Jā,Jā,S5,,,,,,
Karvezide,EU/1/98/085/029,Apvalkotās tabletes,"Irbesartanum, Hydrochlorothiazidum",Jā,Jā,S5,,,,,,
Karvezide,EU/1/98/085/030,Apvalkotās tabletes,"Irbesartanum, Hydrochlorothiazidum",Jā,Jā,S5,,,,,,
Karvezide,EU/1/98/085/031,Apvalkotās tabletes,"Irbesartanum, Hydrochlorothiazidum",Jā,Jā,S5,,,,,,
Karvezide,EU/1/98/085/032,Apvalkotās tabletes,"Irbesartanum, Hydrochlorothiazidum",Jā,Jā,S5,,,,,,
Karvezide,EU/1/98/085/033,Apvalkotās tabletes,"Irbesartanum, Hydrochlorothiazidum",Jā,Jā,S5,,,,,,
Karvezide,EU/1/98/085/034,Apvalkotās tabletes,"Irbesartanum, Hydrochlorothiazidum",Jā,Jā,S5,,,,,,
CoAprovel,EU/1/98/086/001,Tabletes,"Irbesartanum, Hydrochlorothiazidum",Jā,Jā,S5,,,,,,
CoAprovel,EU/1/98/086/002,Tabletes,"Irbesartanum, Hydrochlorothiazidum",Jā,Jā,S5,,,,,,
CoAprovel,EU/1/98/086/003,Tabletes,"Irbesartanum, Hydrochlorothiazidum",Jā,Jā,S5,,,,,,
CoAprovel,EU/1/98/086/004,Tabletes,"Irbesartanum, Hydrochlorothiazidum",Jā,Jā,S5,,,,,,
CoAprovel,EU/1/98/086/005,Tabletes,"Irbesartanum, Hydrochlorothiazidum",Jā,Jā,S5,,,,,,
CoAprovel,EU/1/98/086/006,Tabletes,"Irbesartanum, Hydrochlorothiazidum",Jā,Jā,S5,,,,,,
CoAprovel,EU/1/98/086/007,Tabletes,"Irbesartanum, Hydrochlorothiazidum",Jā,Jā,S5,,,,,,
CoAprovel,EU/1/98/086/008,Tabletes,"Irbesartanum, Hydrochlorothiazidum",Jā,Jā,S5,,,,,,
CoAprovel,EU/1/98/086/009,Tabletes,"Irbesartanum, Hydrochlorothiazidum",Jā,Jā,S5,,,,,,
CoAprovel,EU/1/98/086/010,Tabletes,"Irbesartanum, Hydrochlorothiazidum",Jā,Jā,S5,,,,,,
CoAprovel,EU/1/98/086/011,Apvalkotās tabletes,"Irbesartanum, Hydrochlorothiazidum",Jā,Jā,S5,,,,,,
CoAprovel,EU/1/98/086/012,Apvalkotās tabletes,"Irbesartanum, Hydrochlorothiazidum",Jā,Jā,S5,,,,,,
CoAprovel,EU/1/98/086/013,Apvalkotās tabletes,"Irbesartanum, Hydrochlorothiazidum",Jā,Jā,S5,,,,,,
CoAprovel,EU/1/98/086/014,Apvalkotās tabletes,"Irbesartanum, Hydrochlorothiazidum",Jā,Jā,S5,,,,,,
CoAprovel,EU/1/98/086/015,Apvalkotās tabletes,"Irbesartanum, Hydrochlorothiazidum",Jā,Jā,S5,,,,,,
CoAprovel,EU/1/98/086/016,Apvalkotās tabletes,"Irbesartanum, Hydrochlorothiazidum",Jā,Jā,S5,,,,,,
CoAprovel,EU/1/98/086/017,Apvalkotās tabletes,"Irbesartanum, Hydrochlorothiazidum",Jā,Jā,S5,,,,,,
CoAprovel,EU/1/98/086/018,Apvalkotās tabletes,"Irbesartanum, Hydrochlorothiazidum",Jā,Jā,S5,,,,,,
CoAprovel,EU/1/98/086/019,Apvalkotās tabletes,"Irbesartanum, Hydrochlorothiazidum",Jā,Jā,S5,,,,,,
CoAprovel,EU/1/98/086/020,Apvalkotās tabletes,"Irbesartanum, Hydrochlorothiazidum",Jā,Jā,S5,,,,,,
CoAprovel,EU/1/98/086/021,Apvalkotās tabletes,"Irbesartanum, Hydrochlorothiazidum",Jā,Jā,S5,,,,,,
CoAprovel,EU/1/98/086/022,Apvalkotās tabletes,"Irbesartanum, Hydrochlorothiazidum",Jā,Jā,S5,,,,,,
CoAprovel,EU/1/98/086/023,Apvalkotās tabletes,"Irbesartanum, Hydrochlorothiazidum",Jā,Jā,S5,,,,,,
CoAprovel,EU/1/98/086/024,Apvalkotās tabletes,"Irbesartanum, Hydrochlorothiazidum",Jā,Jā,S5,,,,,,
CoAprovel,EU/1/98/086/025,Apvalkotās tabletes,"Irbesartanum, Hydrochlorothiazidum",Jā,Jā,S5,,,,,,
CoAprovel,EU/1/98/086/026,Apvalkotās tabletes,"Irbesartanum, Hydrochlorothiazidum",Jā,Jā,S5,,,,,,
CoAprovel,EU/1/98/086/027,Apvalkotās tabletes,"Irbesartanum, Hydrochlorothiazidum",Jā,Jā,S5,,,,,,
CoAprovel,EU/1/98/086/028,Apvalkotās tabletes,"Irbesartanum, Hydrochlorothiazidum",Jā,Jā,S5,,,,,,
CoAprovel,EU/1/98/086/029,Apvalkotās tabletes,"Irbesartanum, Hydrochlorothiazidum",Jā,Jā,S5,,,,,,
CoAprovel,EU/1/98/086/030,Apvalkotās tabletes,"Irbesartanum, Hydrochlorothiazidum",Jā,Jā,S5,,,,,,
CoAprovel,EU/1/98/086/031,Apvalkotās tabletes,"Irbesartanum, Hydrochlorothiazidum",Jā,Jā,S5,,,,,,
CoAprovel,EU/1/98/086/032,Apvalkotās tabletes,"Irbesartanum, Hydrochlorothiazidum",Jā,Jā,S5,,,,,,
CoAprovel,EU/1/98/086/033,Apvalkotās tabletes,"Irbesartanum, Hydrochlorothiazidum",Jā,Jā,S5,,,,,,
CoAprovel,EU/1/98/086/034,Apvalkotās tabletes,"Irbesartanum, Hydrochlorothiazidum",Jā,Jā,S5,,,,,,
CosmoFer 50 mg/ml šķīdums infūzijām un injekcijām,I000532,Šķīdums injekcijām un infūzijām,Ferri hydroxidum dextrani complexus,Jā,Jā,S5,,,,,,
Trifas 10 10 mg tabletes,I000621,Tabletes,Torasemidum,Jā,Jā,S5,,,,,,
Trifas 10 10 mg tabletes,I000626,Tabletes,Torasemidum,Jā,Jā,S5,,,,,,
Trifas 10 10 mg tabletes,I000675,Tabletes,Torasemidum,Jā,Jā,S5,,,,,,
"Noliprel Arg forte 5 mg/1,25 mg apvalkotās tabletes",I000730,Apvalkotās tabletes,"Perindoprili argininum, Indapamidum",Jā,Jā,S5,,,,,,
Torasemid Hexal 10 mg tabletes,I000740,Tabletes,Torasemidum,Jā,Jā,S5,,,,,,
Accuzide 20 apvalkotās tabletes,I000854,Apvalkotās tabletes,"Quinaprilum, Hydrochlorothiazidum",Jā,Jā,S5,,,,,,
Accuzide 20 apvalkotās tabletes,I000877,Apvalkotās tabletes,"Quinaprilum, Hydrochlorothiazidum",Jā,Jā,S5,,,,,,
Trifas 10 10 mg tabletes,I000880,Tabletes,Torasemidum,Jā,Jā,S5,,,,,,
Hartil HCT 5 mg/25 mg tabletes,I000922,Tabletes,"Ramiprilum, Hydrochlorothiazidum",Jā,Jā,S5,,,,,,
Torasemid HEXAL 50 mg tabletes,I000955,Tabletes,Torasemidum,Jā,Jā,S5,,,,,,
Hartil HCT 5 mg/25 mg tabletes,I000974,Tabletes,"Ramiprilum, Hydrochlorothiazidum",Jā,Jā,S5,,,,,,
Hartil HCT 5 mg/25 mg tabletes,I000976,Tabletes,"Ramiprilum, Hydrochlorothiazidum",Jā,Jā,S5,,,,,,
"Mesar plus 20 mg/12,5 mg apvalkotās tabletes",I001027,Apvalkotās tabletes,"Olmesartanum medoxomilum, Hydrochlorothiazidum",Jā,Jā,S5,,,,,,
"Noliprel forte 5 mg/1,25 mg apvalkotās tabletes",I001034,Apvalkotās tabletes,"Perindoprili argininum, Indapamidum",Jā,Jā,S5,,,,,,
"Noliprel 2,5 mg/0,625 mg apvalkotās tabletes",I001035,Apvalkotās tabletes,"Perindoprili argininum, Indapamidum",Jā,Jā,S5,,,,,,
"Noliterax 10 mg/2,5 mg apvalkotās tabletes",I001036,Apvalkotās tabletes,"Perindoprili argininum, Indapamidum",Jā,Jā,S5,,,,,,
"Triplixam 5 mg/1,25 mg/5 mg apvalkotās tabletes",I001037,Apvalkotās tabletes,"Perindoprili argininum, Indapamidum, Amlodipinum",Jā,Jā,S5,,,,,,
Torasemid HEXAL 100 mg tabletes,I001045,Tabletes,Torasemidum,Jā,Jā,S5,,,,,,
"Tertensif SR 1,5 mg ilgstošās darbības tabletes",I001057,Ilgstošās darbības tabletes,Indapamidum,Jā,Jā,S5,,,,,,
Lorista H 100 mg/25 mg apvalkotās tabletes,I001058,Apvalkotās tabletes,"Losartanum kalicum, Hydrochlorothiazidum",Jā,Jā,S5,,,,,,
"Sanoral HCT 20 mg/5 mg/12,5 mg apvalkotās tabletes",I001064,Apvalkotās tabletes,"Olmesartanum medoxomilum, Amlodipinum, Hydrochlorothiazidum",Jā,Jā,S5,,,,,,
"Triplixam 10 mg/2,5 mg/10 mg apvalkotās tabletes",I001065,Apvalkotās tabletes,"Perindoprili argininum, Indapamidum, Amlodipinum",Jā,Jā,S5,,,,,,
"Sanoral HCT 40 mg/5 mg/12,5 mg apvalkotās tabletes",I001068,Apvalkotās tabletes,"Olmesartanum medoxomilum, Amlodipinum, Hydrochlorothiazidum",Jā,Jā,S5,,,,,,
"Sanoral HCT 40 mg/10 mg/12,5 mg apvalkotās tabletes",I001069,Apvalkotās tabletes,"Olmesartanum medoxomilum, Amlodipinum, Hydrochlorothiazidum",Jā,Jā,S5,,,,,,
"Torasemida Teva 5 mg tabletes, EFG",I001245,Tablete,Torasemidum,Jā,Jā,S5,,,,,,
"Torasemida Teva 10 mg tabletes, EFG",I001246,Tablete,Torasemidum,Jā,Jā,S5,,,,,,
Torasemid HEXAL 10 mg tabletes,I001346,Tablete,Torasemidum,Jā,Jā,S5,,,,,,
Torasemid HEXAL 50 mg tabletes,I001368,Tablete,Torasemidum,Jā,Jā,S5,,,,,,
Trifas 10 10 mg tabletes,I001382,Tablete,Torasemidum,Jā,Jā,S5,,,,,,
Torasemid HEXAL 10 mg tabletes,I001385,Tablete,Torasemidum,Jā,Jā,S5,,,,,,
"Torasemida Teva 10 mg tabletes, EFG",I001400,Tablete,Torasemidum,Jā,Jā,S5,,,,,,
"Torasemida Teva 5 mg tabletes, EFG",I001402,Tablete,Torasemidum,Jā,Jā,S5,,,,,,
"Lodoz 2,5 mg/6,25 mg apvalkotās tabletes",03-0488,Apvalkotās tabletes,"Bisoprololi fumaras, Hydrochlorothiazidum",Jā,Jā,"S5, P1",,,,,,
"Lodoz 5 mg/6,25 mg apvalkotās tabletes",03-0489,Apvalkotās tabletes,"Bisoprololi fumaras, Hydrochlorothiazidum",Jā,Jā,"S5, P1",,,,,,
"Lodoz 10 mg/6,25 mg apvalkotās tabletes",03-0490,Apvalkotās tabletes,"Bisoprololi fumaras, Hydrochlorothiazidum",Jā,Jā,"S5, P1",,,,,,
"Nebilet Plus 5 mg/12,5 mg apvalkotās tabletes",09-0074,Apvalkotās tabletes,"Nebivololum, Hydrochlorothiazidum",Jā,Jā,"S5, P1",,,,,,
Nebilet Plus 5 mg/25 mg apvalkotās tabletes,09-0075,Apvalkotās tabletes,"Nebivololum, Hydrochlorothiazidum",Jā,Jā,"S5, P1",,,,,,
"Lodoz 5 mg/6,25 mg apvalkotās tabletes",I001332,Apvalkotā tablete,"Bisoprololi fumaras, Hydrochlorothiazidum",Jā,Jā,"S5, P1",,,,,,
Valtricom 5 mg/160 mg/25 mg apvalkotās tabletes,19-0043,Apvalkotās tabletes,"Amlodipinum, Valsartanum, Hydrochlorothiazidum",Jā,Jā,S5,,,,,,
"Valtricom 10 mg/160 mg/12,5 mg apvalkotās tabletes",19-0044,Apvalkotās tabletes,"Amlodipinum, Valsartanum, Hydrochlorothiazidum",Jā,Jā,S5,,,,,,
Valtricom 10 mg/160 mg/25 mg apvalkotās tabletes,19-0045,Apvalkotās tabletes,"Amlodipinum, Valsartanum, Hydrochlorothiazidum",Jā,Jā,S5,,,,,,
Kapruvia,U/1/22/1643/001,Šķīdums injekcijām,Insulinum humanum,Jā,Jā,S4,,,,,,
Kapruvia,U/1/22/1643/002,Šķīdums injekcijām,Insulinum humanum,Jā,Jā,S4,,,,,,
"Lodoz 5 mg/6,25 mg apvalkotās tabletes",I001398,Apvalkotā tablete,"Bisoprololi fumaras, Hydrochlorothiazidum",Jā,Jā,"S5, P1",,,,,,
Torasemid HEXAL 100 mg tabletes,I001442,Tablete,Torasemidum,Jā,Jā,S5,,,,,,
"Izgrev 150 mg/12,5 mg apvalkotās tabletes",22-0134,Apvalkotā tablete,"Irbesartanum, Hydrochlorothiazidum",Jā,Jā,S5,,,,,,
"Izgrev 300 mg/12,5 mg apvalkotās tabletes",22-0135,Apvalkotā tablete,"Irbesartanum, Hydrochlorothiazidum",Jā,Jā,S5,,,,,,
Inpremzia,EU/1/22/1644/001,Šķīdums infūzijām,Insulinum humanum,Jā,Jā,S4,,,,,,
Truvelog Mix 30,EU/1/22/1639/001,Suspensija injekcijām,Insulinum aspartum,Jā,Jā,S4,,,,,,
Truvelog Mix 30,EU/1/22/1639/002,Suspensija injekcijām,Insulinum aspartum,Jā,Jā,S4,,,,,,
Truvelog Mix 30,EU/1/22/1639/003,Suspensija injekcijām,Insulinum aspartum,Jā,Jā,S4,,,,,,
Truvelog Mix 30,EU/1/22/1639/004,Suspensija injekcijām,Insulinum aspartum,Jā,Jā,S4,,,,,,
Truvelog Mix 30,EU/1/22/1639/005,Suspensija injekcijām,Insulinum aspartum,Jā,Jā,S4,,,,,,
Hartil HCT 5 mg/25 mg tabletes,I001509,Tablete,"Ramiprilum, Hydrochlorothiazidum",Jā,Jā,S5,,,,,,
Oxbryta,EU/1/21/1622/001,Apvalkotā tablete,Voxelotorum,Jā,Jā,M1,,,,,,
Losartan/Hydrochlorothiazide Stada 50 mg/12.5 mg film-coated tablets,23-0003,Apvalkotā tablete,"Losartanum kalicum, Hydrochlorothiazidum",Jā,Jā,S5,,,,,,
Losartan/Hydrochlorothiazide Stada 100 mg/12.5 mg film-coated tablets,23-0004,Apvalkotā tablete,"Losartanum kalicum, Hydrochlorothiazidum",Jā,Jā,S5,,,,,,
Losartan/Hydrochlorothiazide Stada 100 mg/25 mg film-coated tablets,23-0005,Apvalkotā tablete,"Losartanum kalicum, Hydrochlorothiazidum",Jā,Jā,S5,,,,,,
Insulin aspart Sanofi,EU/1/20/1447/006,Šķīdums injekcijām,Insulinum aspartum,Jā,Jā,S4,,,,,,
Insulin aspart Sanofi,EU/1/20/1447/007,Šķīdums injekcijām,Insulinum aspartum,Jā,Jā,S4,,,,,,
Atectura Breezhaler,EU/1/20/1439/013,"Inhalācijas pulveris, cietā kapsula","Indacaterolum, Mometasonum",Jā,Jā,"S3, S9",,,,,,
Atectura Breezhaler,EU/1/20/1439/014,"Inhalācijas pulveris, cietā kapsula","Indacaterolum, Mometasonum",Jā,Jā,"S3, S9",,,,,,
Atectura Breezhaler,EU/1/20/1439/015,"Inhalācijas pulveris, cietā kapsula","Indacaterolum, Mometasonum",Jā,Jā,"S3, S9",,,,,,
Trifas 10 10 mg tablets,I001534,Tablete,Torasemidum,Jā,Jā,S5,,,,,,
Torasemide Zentiva 5 mg tablets,23-0164,Tablete,Torasemidum,Jā,Jā,S5,,,,,,
Torasemide Zentiva 10 mg tablets,23-0165,Tablete,Torasemidum,Jā,Jā,S5,,,,,,
Furosemide Basi 10 mg/ml solution for injection/infusion,23-0159,Šķīdums injekcijām/infūzijām,Furosemidum,Jā,Jā,S5,,,,,,
Tolvaptan Accord,EU/1/23/1719/001,Tablete,Tolvaptanum,Jā,Jā,S5,,,,,,
Tolvaptan Accord,EU/1/23/1719/002,Tablete,Tolvaptanum,Jā,Jā,S5,,,,,,
Tolvaptan Accord,EU/1/23/1719/003,Tablete,Tolvaptanum,Jā,Jā,S5,,,,,,
Tolvaptan Accord,EU/1/23/1719/004,Tablete,Tolvaptanum,Jā,Jā,S5,,,,,,
Tolvaptan Accord,EU/1/23/1719/005,Tablete,Tolvaptanum,Jā,Jā,S5,,,,,,
Tolvaptan Accord,EU/1/23/1719/006,Tablete,Tolvaptanum,Jā,Jā,S5,,,,,,
Tolvaptan Accord,EU/1/23/1719/007,Tablete,Tolvaptanum,Jā,Jā,S5,,,,,,
Tolvaptan Accord,EU/1/23/1719/008,Tablete,Tolvaptanum,Jā,Jā,S5,,,,,,
Tolvaptan Accord,EU/1/23/1719/009,Tablete,Tolvaptanum,Jā,Jā,S5,,,,,,
Tolvaptan Accord,EU/1/23/1719/010,Tablete,Tolvaptanum,Jā,Jā,S5,,,,,,
Tolvaptan Accord,EU/1/23/1719/011,Tablete,Tolvaptanum,Jā,Jā,S5,,,,,,
Tolvaptan Accord,EU/1/23/1719/012,Tablete,Tolvaptanum,Jā,Jā,S5,,,,,,
Qaialdo,EU/1/23/1731/001,Suspensija iekšķīgai lietošanai,Spironolactonum,Jā,Jā,S5,,,,,,
Mitaclau 60 micrograms sublingual tablets,23-0123,Tablete lietošanai zem mēles,Desmopressinum,Jā,Jā,S5,,,,,,
Mitaclau 120 micrograms sublingual tablets,23-0124,Tablete lietošanai zem mēles,Desmopressinum,Jā,Jā,S5,,,,,,
Mitaclau 240 micrograms sublingual tablets,23-0125,Tablete lietošanai zem mēles,Desmopressinum,Jā,Jā,S5,,,,,,
Vafseo,EU/1/23/1725/001,Apvalkotā tablete,Vadadustatum,Jā,Jā,S2,,,,,,
Vafseo,EU/1/23/1725/002,Apvalkotā tablete,Vadadustatum,Jā,Jā,S2,,,,,,
Vafseo,EU/1/23/1725/003,Apvalkotā tablete,Vadadustatum,Jā,Jā,S2,,,,,,
Vafseo,EU/1/23/1725/004,Apvalkotā tablete,Vadadustatum,Jā,Jā,S2,,,,,,
Vafseo,EU/1/23/1725/005,Apvalkotā tablete,Vadadustatum,Jā,Jā,S2,,,,,,
Vafseo,EU/1/23/1725/006,Apvalkotā tablete,Vadadustatum,Jā,Jā,S2,,,,,,
Fiasp,EU/1/16/1160/012,Šķīdums injekcijām,Insulinum aspartum,Jā,Jā,S4,,,,,,
Fiasp,EU/1/16/1160/013,Šķīdums injekcijām,Insulinum aspartum,Jā,Jā,S4,,,,,,
Lyumjev,EU/1/20/1422/016,Šķīdums injekcijām,Insulinum lisprum,Jā,Jā,S4,,,,,,
Lyumjev,EU/1/20/1422/017,Šķīdums injekcijām,Insulinum lisprum,Jā,Jā,S4,,,,,,
Sogroya,EU/1/20/1501/003,Šķīdums injekcijām,Somapacitanum,Jā,Jā,S2,,,,,,
Sogroya,EU/1/20/1501/004,Šķīdums injekcijām,Somapacitanum,Jā,Jā,S2,,,,,,
Sogroya,EU/1/20/1501/005,Šķīdums injekcijām,Somapacitanum,Jā,Jā,S2,,,,,,
Sogroya,EU/1/20/1501/006,Šķīdums injekcijām,Somapacitanum,Jā,Jā,S2,,,,,,
Tolutris 40 mg + 5 mg + 12.5 mg tablets,24-0019,Tablete,"Telmisartanum, Amlodipinum, Hydrochlorothiazidum",Jā,Jā,S5,,,,,,
Tolutris 80 mg + 5 mg + 12.5 mg tablets,24-0020,Tablete,"Telmisartanum, Amlodipinum, Hydrochlorothiazidum",Jā,Jā,S5,,,,,,
Tolutris 80 mg + 10 mg + 12.5 mg tablets,24-0021,Tablete,"Telmisartanum, Amlodipinum, Hydrochlorothiazidum",Jā,Jā,S5,,,,,,
Tolutris 80 mg + 10 mg + 25 mg tablets,24-0022,Tablete,"Telmisartanum, Amlodipinum, Hydrochlorothiazidum",Jā,Jā,S5,,,,,,
Kymriah,EU/1/18/1297/001,Dispersija infūzijām,Tisagenlecleucelum,Jā,Jā,M1,,,,,,
Yescarta,EU/1/18/1299/001,Dispersija infūzijām,Axicabtagenum ciloleucelum,Jā,Jā,M1,,,,,,
Tecartus,EU/1/20/1492/001,Dispersija infūzijām,Autologous anti-CD19 transduced CD3+ cells,Jā,Jā,M1,,,,,,
Perindopril arginine/Indapamide/Amlodipine TAD 5 mg/1.25 mg/5 mg tablets,24-0104,Tablete,"Perindoprili argininum, Indapamidum, Amlodipinum",Jā,Jā,S5,,,,,,
Perindopril arginine/Indapamide/Amlodipine TAD 10 mg/2.5 mg/5 mg tablets,24-0105,Tablete,"Perindoprili argininum, Indapamidum, Amlodipinum",Jā,Jā,S5,,,,,,
Perindopril arginine/Indapamide/Amlodipine TAD 10 mg/2.5 mg/10 mg tablets,24-0106,Tablete,"Perindoprili argininum, Indapamidum, Amlodipinum",Jā,Jā,S5,,,,,,
Mildronāts 250 mg cietās kapsulas,00-0406,"Kapsula, cietā",Meldonium dihydricum,Jā,Jā,S4,,,,,,
Vabinxo 160 mg + 1.5 mg modified-release tablets,24-0132,Modificētās darbības tablete,"Valsartanum, Indapamidum",Jā,Jā,S5,,,,,,
Awiqli,EU/1/24/1815/001,Šķīdums injekcijām,Insulinum icodecum,Jā,Jā,S4,,,,,,
Awiqli,EU/1/24/1815/002,Šķīdums injekcijām,Insulinum icodecum,Jā,Jā,S4,,,,,,
Awiqli,EU/1/24/1815/003,Šķīdums injekcijām,Insulinum icodecum,Jā,Jā,S4,,,,,,
Awiqli,EU/1/24/1815/004,Šķīdums injekcijām,Insulinum icodecum,Jā,Jā,S4,,,,,,
Awiqli,EU/1/24/1815/005,Šķīdums injekcijām,Insulinum icodecum,Jā,Jā,S4,,,,,,
Awiqli,EU/1/24/1815/006,Šķīdums injekcijām,Insulinum icodecum,Jā,Jā,S4,,,,,,
Awiqli,EU/1/24/1815/007,Šķīdums injekcijām,Insulinum icodecum,Jā,Jā,S4,,,,,,
Awiqli,EU/1/24/1815/008,Šķīdums injekcijām,Insulinum icodecum,Jā,Jā,S4,,,,,,
Awiqli,EU/1/24/1815/009,Šķīdums injekcijām,Insulinum icodecum,Jā,Jā,S4,,,,,,
Awiqli,EU/1/24/1815/010,Šķīdums injekcijām,Insulinum icodecum,Jā,Jā,S4,,,,,,
Awiqli,EU/1/24/1815/011,Šķīdums injekcijām,Insulinum icodecum,Jā,Jā,S4,,,,,,
Awiqli,EU/1/24/1815/012,Šķīdums injekcijām,Insulinum icodecum,Jā,Jā,S4,,,,,,
Awiqli,EU/1/24/1815/013,Šķīdums injekcijām,Insulinum icodecum,Jā,Jā,S4,,,,,,
Awiqli,EU/1/24/1815/014,Šķīdums injekcijām,Insulinum icodecum,Jā,Jā,S4,,,,,,
Torasemid HEXAL 50 mg tablets,I001653,Tablete,Torasemidum,Jā,Jā,S5,,,,,,
Nebido 1000 mg/4 ml solution for injection,I001663,Šķīdums injekcijām,Testosteroni undecanoas,Jā,Jā,S1,,,,,,
Nebido 1000 mg/4 ml solution for injection,I001659,Šķīdums injekcijām,Testosteroni undecanoas,Jā,Jā,S1,,,,,,
Torasemid HEXAL 10 mg tablets,I001656,Tablete,Torasemidum,Jā,Jā,S5,,,,,,
Dexametazona Krka 4 mg tablets,I001674,Tablete,Dexamethasonum,Jā,Jā,S9,,,,,,
Fulvestrant ALIUD 250 mg solution for injection in pre-filled syringe,24-0252,Šķīdums injekcijām pilnšļircē,Fulvestrantum,Jā,Jā,S4,,,,,,
Perindopril arginine/Indapamide/Amlodipine Teva 5 mg/1.25 mg/5 mg film-coated tablets,24-0253,Apvalkotā tablete,"Perindoprili argininum, Indapamidum, Amlodipinum",Jā,Jā,S5,,,,,,
Perindopril arginine/Indapamide/Amlodipine Teva 5 mg/1.25 mg/10 mg film-coated tablets,24-0254,Apvalkotā tablete,"Perindoprili argininum, Indapamidum, Amlodipinum",Jā,Jā,S5,,,,,,
Perindopril arginine/Indapamide/Amlodipine Teva 10 mg/2.5 mg/5 mg film-coated tablets,24-0255,Apvalkotā tablete,"Perindoprili argininum, Indapamidum, Amlodipinum",Jā,Jā,S5,,,,,,
Perindopril arginine/Indapamide/Amlodipine Teva 10 mg/2.5 mg/10 mg film-coated tablets,24-0256,Apvalkotā tablete,"Perindoprili argininum, Indapamidum, Amlodipinum",Jā,Jā,S5,,,,,,
Kanpiduo 8 mg/2.5 mg tablets,24-0259,Tablete,"Candesartanum cilexetilum, Indapamidum",Jā,Jā,S5,,,,,,
Kanpiduo 16 mg/2.5 mg tablets,24-0260,Tablete,"Candesartanum cilexetilum, Indapamidum",Jā,Jā,S5,,,,,,
Torasemid HEXAL 50 mg tablets,I001683,Tablete,Torasemidum,Jā,Jā,S5,,,,,,
Torasemid HEXAL 10 mg tablets,I001684,Tablete,Torasemidum,Jā,Jā,S5,,,,,,
Spironolactone Medochemie 25 mg film-coated tablets,24-0267,Apvalkotā tablete,Spironolactonum,Jā,Jā,S5,,,,,,
Spironolactone Medochemie 50 mg film-coated tablets,24-0268,Apvalkotā tablete,Spironolactonum,Jā,Jā,S5,,,,,,
Spironolactone Medochemie 100 mg film-coated tablets,24-0269,Apvalkotā tablete,Spironolactonum,Jā,Jā,S5,,,,,,
Tolurindo 40 mg + 1.5 mg modified-release tablets,24-0271,Modificētās darbības tablete,"Telmisartanum, Indapamidum",Jā,Jā,S5,,,,,,
Tolurindo 80 mg + 1.5 mg modified-release tablets,24-0272,Modificētās darbības tablete,"Telmisartanum, Indapamidum",Jā,Jā,S5,,,,,,
Ventolin 2 mg/5 ml syrup,I001686,Sīrups,Salbutamolum,Jā,Jā,S3,,,,,,
Winrevair,EU/1/24/1850/001,Pulveris un šķīdinātājs injekciju šķīduma pagatavošanai,Sotaterceptum,Jā,Jā,S2,,,,,,
Winrevair,EU/1/24/1850/002,Pulveris un šķīdinātājs injekciju šķīduma pagatavošanai,Sotaterceptum,Jā,Jā,S2,,,,,,
Winrevair,EU/1/24/1850/003,Pulveris un šķīdinātājs injekciju šķīduma pagatavošanai,Sotaterceptum,Jā,Jā,S2,,,,,,
Winrevair,EU/1/24/1850/004,Pulveris un šķīdinātājs injekciju šķīduma pagatavošanai,Sotaterceptum,Jā,Jā,S2,,,,,,
Winrevair,EU/1/24/1850/005,Pulveris injekcijām,Sotaterceptum,Jā,Jā,S2,,,,,,
Winrevair,EU/1/24/1850/006,Pulveris injekcijām,Sotaterceptum,Jā,Jā,S2,,,,,,
Winrevair,EU/1/24/1850/007,Pulveris injekcijām,Sotaterceptum,Jā,Jā,S2,,,,,,
Winrevair,EU/1/24/1850/008,Pulveris injekcijām,Sotaterceptum,Jā,Jā,S2,,,,,,
Vabinxo 80 mg + 1.5 mg modified-release tablets,24-0319,Modificētās darbības tablete,"Valsartanum, Indapamidum",Jā,Jā,S5,,,,,,
Ventolin 2 mg/5 ml syrup,I001692,Sīrups,Salbutamolum,Jā,Jā,S3,,,,,,
Orserdu,EU/1/23/1757/001,Apvalkotā tablete,Elacestrantum,Jā,Jā,S4,,,,,,
Orserdu,EU/1/23/1757/002,Apvalkotā tablete,Elacestrantum,Jā,Jā,S4,,,,,,
Ryzodeg,EU/1/12/806/009,Šķīdums injekcijām,"Insulinum degludecum, Insulinum aspartum",Jā,Jā,S4,,,,,,
Semglee,EU/1/18/1270/005,Šķīdums injekcijām,Insulinum glarginum,Jā,Jā,S4,,,,,,
Perindopril arginine/Amlodipine/Indapamide TAD 7 mg/5 mg/2.5 mg tablets,25-0089,Tablete,"Perindoprili argininum, Amlodipinum, Indapamidum",Jā,Jā,S5,,,,,,
